# Aspose.3D Wavefront OBJ Exporter
# Copyright 2004-2024 Aspose Pty Ltd.
# File created: 05/29/2024 11:39:43

g obj_18464973

#
# object obj_18464973
#

v 1.405868 -0.033901 1.428365
v 2.629364 -0.033901 0.850164
v 1.554634 0.35944 1.392307
v 2.520407 0.17032 0.879646
v 1.337805 0.75284 -0.886494
v 2.071222 0.72541 -1.334292
v 1.282077 -0.033901 -0.825191
v 2.023492 -0.033901 -1.380377
v 2.283 0.753632 -0.707205
v 1.853798 1.192224 -0.146727
v 1.41768 -0.033901 0.016996
v 2.258921 -0.033901 -0.844376
v 1.543402 0.773156 -1.473009
v 1.498288 -0.033901 -1.376443
v 2.096703 -0.033901 1.558254
v 2.069499 0.35944 1.428046
v 1.504631 0.943109 -0.335764
v 1.982731 0.762043 0.348222
v 1.483087 0.512316 0.994542
v 1.238542 -0.033901 0.965108
v 2.348382 -0.033901 0.076055
v 2.400633 0.513922 0.098633
v 1.586445 0.675673 0.216726
v 1.594195 1.701634 -1.362566
v 1.355807 1.686032 -0.689251
v 1.810022 1.74931 -0.156249
v 2.19974 1.72367 -0.624788
v 2.027614 1.704925 -1.133767
v 1.523272 3.214099 -1.434377
v 1.226461 3.049079 -0.284483
v 1.740299 3.117126 0.057441
v 2.26184 3.146357 -0.377241
v 2.211267 3.192863 -1.00337
v 1.521403 4.882584 -1.335163
v 0.834457 4.440187 -0.844256
v 0.868445 4.416027 0.04451
v 1.646639 4.48658 0.540657
v 2.328964 4.6221 0.048921
v 2.354222 4.770629 -0.786088
v 1.720348 5.497517 -0.987935
v 0.907793 5.472841 -0.761497
v 0.905655 5.449961 0.247562
v 1.554598 5.451551 0.787734
v 2.133874 5.479538 0.31965
v 2.119995 5.503963 -0.585662
v 2.029501 0.518341 0.994163
v 1.200297 3.139109 -0.943521
v -1.405868 -0.033901 1.428365
v -2.629364 -0.033901 0.850164
v -1.554634 0.35944 1.392307
v -2.520407 0.17032 0.879646
v -1.337805 0.75284 -0.886494
v -2.071222 0.72541 -1.334292
v -1.282077 -0.033901 -0.825191
v -2.023492 -0.033901 -1.380377
v -2.283 0.753632 -0.707205
v -1.853798 1.192224 -0.146727
v -1.41768 -0.033901 0.016996
v -2.258921 -0.033901 -0.844376
v -1.543402 0.773156 -1.473009
v -1.498288 -0.033901 -1.376443
v -2.096703 -0.033901 1.558254
v -2.069499 0.35944 1.428046
v -1.504631 0.943109 -0.335764
v -1.982731 0.762043 0.348222
v -1.483087 0.512316 0.994542
v -1.238542 -0.033901 0.965108
v -2.348382 -0.033901 0.076055
v -2.400633 0.513922 0.098633
v -1.586445 0.675673 0.216726
v -1.594195 1.701634 -1.362566
v -1.355807 1.686032 -0.689251
v -1.810022 1.74931 -0.156249
v -2.19974 1.72367 -0.624788
v -2.027614 1.704925 -1.133767
v -1.523272 3.214099 -1.434377
v -1.226461 3.049079 -0.284483
v -1.740299 3.117126 0.057441
v -2.26184 3.146357 -0.377241
v -2.211267 3.192863 -1.00337
v -1.521403 4.882584 -1.335163
v -0.834457 4.440187 -0.844256
v -0.868445 4.416027 0.04451
v -1.646639 4.48658 0.540657
v -2.328964 4.6221 0.048921
v -2.354222 4.770629 -0.786088
v -1.720348 5.497517 -0.987935
v -0.907793 5.472841 -0.761497
v -0.905655 5.449961 0.247562
v -1.554598 5.451551 0.787734
v -2.133874 5.479538 0.31965
v -2.119995 5.503963 -0.585662
v -2.029501 0.518341 0.994163
v -1.200297 3.139109 -0.943521
v 0.806633 5.995755 -1.138719
v 0.564274 5.902677 0.634589
v 1.5635 5.779496 1.357588
v 2.42539 5.960154 0.576317
v 2.594846 5.94513 -0.519894
v 1.650133 6.031485 -1.259169
v 0.817463 6.522428 -1.045207
v 0.583193 6.542868 0.952793
v 1.507796 6.220853 1.349473
v 2.348803 6.644102 0.757196
v 2.571804 6.596575 -0.440537
v 1.589544 6.570141 -1.033793
v 0.635308 9.120931 -0.962177
v 0.44987 9.079911 0.874516
v 1.172466 9.326129 1.390408
v 1.875571 9.616614 0.931128
v 2.216522 9.748923 0.165374
v 1.385204 9.349553 -1.024617
v 0.450229 10.564798 -0.875416
v 0.423726 10.671756 1.221051
v 0.948263 10.661775 1.439814
v 1.760715 10.704209 1.135414
v 1.694649 10.809579 -0.541531
v 1.107763 10.630213 -0.904761
v 0 10.531668 1.276816
v 1.581033 11.707465 1.012194
v 0 12.498628 1.417726
v 1.396158 12.846101 0.802233
v 0 12.568927 -0.941644
v 1.314866 12.867353 -0.628672
v 0 10.684897 -0.869426
v 1.594857 11.532864 -0.650736
v 0 10.134228 0.773881
v 1.912841 11.707465 0.139792
v 1.65081 12.846101 0.14832
v 0.719581 12.635367 1.303412
v 0.681919 12.793517 -0.800275
v 0.092661 10.10902 0.668172
v 0 11.772271 -1.275707
v 0.916495 12.150927 -1.09844
v 1.412993 12.389527 -0.657258
v 1.741034 12.35359 0.083411
v 1.392952 12.35359 0.96021
v 0.666509 11.549215 1.385044
v 0 11.560026 1.522391
v 3.908817 10.021301 -0.976692
v 3.435467 10.348742 -0.932151
v 3.125081 10.816233 -0.140562
v 3.270999 10.931313 0.132997
v 3.922985 10.209603 0.187579
v 3.816428 10.763149 -1.004543
v 3.536241 10.746022 -1.1098
v 3.271416 11.270354 -0.264542
v 3.508643 11.296184 -0.14032
v 3.835815 11.280715 -0.21156
v 3.755219 11.208667 -0.913096
v 3.295024 11.21779 -0.798181
v 3.889958 11.235511 -0.612937
v 2.880643 12.660167 -1.488785
v 2.650489 12.903482 -0.69551
v 2.929495 12.993966 -0.226996
v 3.547268 13.152965 -0.256533
v 3.818798 12.884484 -0.888222
v 3.33638 12.919215 -1.424821
v 2.100473 16.013441 -0.458526
v 2.6273 16.272902 -0.219333
v 1.52054 17.811138 0.156127
v 1.969356 17.463762 0.011157
v 1.830808 18.143435 -1.205655
v 2.511612 17.103958 -1.802989
v 2.160182 15.944407 -1.643029
v 2.95594 16.427896 -1.254494
v 1.797748 18.040483 -0.384908
v 1.226996 18.28371 -0.373258
v 1.832711 16.021532 0.167894
v 2.928865 16.133953 -0.662941
v 1.684973 16.95904 0.425311
v 1.571381 16.806389 -2.115787
v 2.909455 17.253992 -1.214137
v 2.868264 16.89068 -0.559927
v 2.568606 17.047485 -0.011848
v 2.105699 15.326633 -0.99018
v 2.268315 16.161673 -0.191668
v 2.454662 17.809956 -0.458098
v 2.065146 16.580824 0.084545
v 1.6E-05 17.696934 0.589925
v -6E-06 18.265932 -1.620685
v -9.2E-05 17.314363 -2.02401
v 0 16.137875 0.921168
v 0 15.802289 -1.864354
v 1.463356 14.977023 -1.549177
v 1.540045 15.188006 0.487999
v 0 15.299264 0.902573
v 1.546576 15.924298 0.492848
v 1.884949 15.471158 -1.518341
v 1.845678 14.98665 -0.890829
v 1.849897 15.663129 -0.497335
v 1.966416 15.733756 -1.457716
v 0 18.629393 -1.404636
v 0.980533 16.327698 0.970602
v 0.892685 15.419433 0.877316
v 0.762861 15.2259 -1.908272
v 0.905832 16.494783 -2.169276
v 0.956977 17.59788 -2.121724
v 0.94362 18.3201 -1.687645
v 0.815989 18.552841 -0.776437
v 0.92707 17.685423 0.526642
v 0 14.63165 1.044113
v 0.805606 15.044171 0.816749
v 1.315275 14.459922 0.453832
v 1.632015 14.469251 -0.158265
v 1.420487 14.213746 -0.827622
v 0.744396 14.150105 -1.062606
v 0 14.271709 -1.347564
v 0 16.406584 1.030038
v 0.953722 16.039392 0.849646
v 1.599493 16.348248 0.6639
v 1.008821 17.096254 0.769135
v 0 17.13255 0.842921
v 0.660587 14.15664 1.038117
v 0 13.983182 1.18393
v 0 13.318105 -1.014639
v 0.750454 13.343034 -0.912658
v 1.317456 13.382226 -0.600099
v 1.517034 13.467942 0.00972
v 1.318793 13.556952 0.717531
v 0.693881 13.324388 1.192256
v 0 13.245629 1.370432
v 1.70454 14.986161 -0.190841
v 0 18.242422 0.152354
v 0.596808 18.374636 -0.1604
v 0 18.520084 0.019008
v 0.466696 18.679092 -0.251785
v 0.712266 18.835209 -0.739653
v 0 19.163301 -1.3165
v 2.115188 16.40574 -1.932729
v 2.049012 15.839984 -1.332924
v 1.829074 16.0503 -1.928052
v 2.562893 14.021882 -0.720434
v 3.320019 14.631789 -1.005595
v 3.23954 14.143605 -0.567664
v 2.80948 14.012052 -0.49908
v 2.596632 14.018819 -1.343579
v 3.111366 14.055051 -1.459123
v 1.523645 15.726319 -2.032151
v 1.702389 17.734224 -1.879535
v 0.418913 18.636341 -1.333362
v 0.44827 19.091473 -1.15674
v 2.304904 17.955112 -1.294191
v 2.361201 15.398591 -0.257777
v 3.128251 15.281749 -0.583877
v 3.207442 15.804023 -1.186336
v 2.978728 15.257108 -1.640122
v 2.367932 15.09518 -1.796533
v 2.305511 14.63712 -0.980444
v 2.557854 14.629722 -0.317712
v 3.085707 14.447469 -1.447346
v 2.743405 14.35238 -1.536349
v 3.345445 15.193345 -1.187254
v 3.492362 13.77732 -0.949003
v 3.407715 13.759425 -0.531749
v 2.891443 13.575839 -0.487834
v 2.664441 13.43694 -0.712107
v 2.672481 13.626622 -1.309212
v 3.222975 13.776464 -1.354631
v 2.886026 14.015805 -1.573409
v 2.930212 13.667594 -1.457103
v 3.405243 14.126802 -0.988148
v 2.805704 15.517287 -0.172793
v 3.023396 14.734101 -0.300542
v 2.640612 16.09217 -1.63348
v 3.442837 11.194373 -1.010808
v 2.470155 14.267039 -1.296588
v 1.015515 11.274564 -1.121398
v 0.340624 10.137218 1.034008
v 2.072463 10.862619 0.22743
v 0 11.170572 -1.1869
v 0 18.653654 0.652768
v 0.406451 18.85704 0.367831
v 0 21.300346 0.794475
v 0.772903 21.036835 0.430235
v 0 21.63572 -0.865145
v 0.986084 21.052114 -0.454439
v 0 20.355179 -1.558483
v 0.918226 19.834541 -0.796717
v 0 18.736507 0.286231
v 0.605039 19.047794 -0.018829
v 0 21.6274 0.083692
v 0 21.147512 -1.335247
v 1.053487 20.524118 -0.83125
v 0.953689 20.266085 0.065377
v 0.777815 20.314915 0.611775
v 0 20.368107 1.040391
v 0 19.89753 1.109842
v 0.513748 19.748743 0.790654
v 0.87562 19.838099 0.33191
v 0 19.54456 1.263243
v 0.525461 19.404037 0.673116
v 0 19.063498 0.928733
v 0.393944 19.184523 0.756867
v 0 20.151888 1.001347
v 0.502246 20.17459 0.744483
v 0.697645 20.08433 0.614452
v 0.49309 20.018204 0.702326
v 0.116574 20.139172 0.973931
v 0.144863 19.90916 0.879975
v 0.209121 19.465082 0.918033
v 0 19.423153 0.999062
v 0.217552 20.123625 0.859361
v 0.164276 19.625479 0.918919
v 0.109372 19.507015 1.193113
v 0 18.986523 0.86832
v 0.777219 20.662252 0.587872
v 0.860358 20.115503 0.443733
v 0.226113 20.325886 1.005292
v 0.523665 20.756058 0.88271
v 0.46735 21.20518 0.639395
v 0.559052 21.459581 0.138032
v 0.747303 19.304344 -0.125042
v 0.84951 19.53019 -0.130441
v 0.576888 19.16183 0.447566
v 0.925779 20.439116 0.283118
v 0.774326 19.873402 0.546468
v 0.257483 18.823898 0.718448
v 0 18.758451 0.812525
v 0.744741 19.448124 0.351281
v 0.594377 20.321873 0.837448
v 0 19.642797 1.18057
v 0.094874 19.65441 1.127406
v 0.275059 20.006235 0.805888
v 0 19.444721 1.226745
v 0 20.876495 1.017218
v 0.680163 19.41398 -0.739511
v 0.954999 20.249878 -0.24223
v 0.899291 19.769796 -0.344036
v 0.998629 19.531042 -0.228238
v 1.151214 20.31006 -0.149254
v 1.087053 19.77137 -0.313884
v 0.894167 19.955208 -0.040441
v 0.960036 20.070684 -0.182771
v 1.217895 20.140423 -0.376166
v 0.74554 21.001427 -1.185209
v 0.666902 20.319035 -1.376365
v 0.646838 21.463985 -0.646565
v 0.542692 19.186852 -0.314139
v 0 18.844906 -0.013424
v 0.469489 19.575113 -1.207613
v 0.007399 19.580116 -1.380506
v 0.250704 18.985456 -0.034882
v 1.709454 5.491281 -1.008025
v 0.861335 5.451151 -0.890565
v 2.246903 5.467558 -0.617334
v 2.180037 5.485729 0.298058
v 1.571637 5.419268 0.801928
v 0.847776 5.404309 0.361106
v 0.300607 9.030844 -0.024393
v 0.386817 6.560938 -0.099976
v 0.379473 5.840921 -0.545477
v 2.297972 6.334377 0.695693
v 2.441423 6.300233 -0.421834
v 2.303556 7.887789 -0.294764
v 0.668485 6.220469 0.736262
v 1.382134 7.738318 1.360452
v 0.64472 7.593109 0.899069
v 0.488105 7.563305 -0.160372
v 0.878741 7.630035 -0.870506
v 1.556822 7.728311 -0.863693
v 2.036133 7.860189 0.723951
v 3.099138 10.26178 0.275474
v 3.530583 10.002685 0.143456
v 3.88021 9.990741 0.198658
v 3.907832 9.866245 -0.954736
v 3.532061 9.903482 -0.945707
v 4.003115 9.916842 -0.374451
v 3.618739 9.922977 -0.663915
v 3.62323 9.973692 -0.098982
v 2.925059 10.253263 -0.019825
v 3.431596 10.247601 0.081759
v 3.658134 9.945488 -0.401521
v 3.190899 10.304394 -0.175948
v 1.893437 9.598442 -0.511735
v 0.259499 10.286403 -0.408122
v 0.383489 6.234642 -0.301867
v 1.426923 6.734392 1.5497
v 3.553674 10.880185 0.153719
v 3.896539 10.846854 -0.06985
v 3.478518 10.376123 -0.172082
v 3.050188 9.528407 0.174911
v 2.931126 9.535824 0.025399
v 3.094373 9.647466 -0.036476
v 3.215572 9.640283 0.109594
v 3.689394 10.26388 -1.059574
v 3.964025 9.954969 -0.067068
v 3.968761 10.111145 -0.606698
v 3.953377 10.819057 -0.528523
v 3.236614 10.76543 -0.628729
v 3.963906 9.886183 -0.666291
v 3.975394 10.181727 -0.12431
v 0 19.211145 0.974928
v 0.163844 19.238197 0.907201
v 0.143621 19.095242 0.854807
v 0.129871 19.041521 0.818379
v 0.985033 20.63046 0.064763
v 3.831619 9.546304 -0.677285
v 3.773534 9.550891 -0.910045
v 3.593675 9.623502 -0.673773
v 3.534246 9.628191 -0.892918
v 3.579593 9.576116 -0.030176
v 3.815659 9.525475 -0.00733
v 3.770119 9.544377 0.197407
v 3.576291 9.573518 0.155699
v 3.598044 9.550096 -0.333355
v 3.579389 9.54635 -0.092925
v 3.884219 9.486104 -0.312318
v 3.842289 9.492607 -0.067726
v 3.579815 9.585505 -0.608905
v 3.581166 9.584615 -0.398857
v 3.817153 9.500872 -0.585711
v 3.816013 9.495692 -0.380744
v 3.672533 9.23875 -0.640393
v 3.653471 9.243328 -0.838144
v 3.438116 9.32275 -0.639732
v 3.417684 9.327424 -0.823866
v 3.484991 9.231073 0.005809
v 3.722154 9.182215 0.009533
v 3.680365 9.200803 0.21427
v 3.482116 9.228445 0.176337
v 3.498107 9.18188 -0.299506
v 3.481411 9.177992 -0.087669
v 3.781102 9.119941 -0.293713
v 3.743004 9.126145 -0.04912
v 3.424989 9.25394 -0.579896
v 3.426199 9.253006 -0.386405
v 3.658612 9.161861 -0.565528
v 3.657454 9.156692 -0.360562
v 3.459006 8.991817 -0.591126
v 3.4418 8.996074 -0.789055
v 3.335062 9.119503 -0.613803
v 3.316579 9.123832 -0.798122
v 3.415735 9.000098 0.018997
v 3.537613 8.865781 0.04062
v 3.503451 8.885714 0.245062
v 3.411703 8.997596 0.189499
v 3.416532 8.876459 -0.275772
v 3.400981 8.873125 -0.083417
v 3.559159 8.724483 -0.26309
v 3.52704 8.731888 -0.018771
v 3.324716 9.03369 -0.552676
v 3.323802 9.033094 -0.388266
v 3.446999 8.897959 -0.536516
v 3.443918 8.893154 -0.331561
v 3.087114 9.969724 -0.099069
v 2.886755 9.922801 0.022616
v 3.030843 9.922633 0.238443
v 3.247434 9.916878 0.092588
v 2.103045 17.26223 -1.957037
v 0.069814 19.900917 1.069682
v 1.229472 18.377773 -0.943442
v -0.806633 5.995755 -1.138719
v -0.564274 5.902677 0.634589
v -1.5635 5.779496 1.357588
v -2.42539 5.960154 0.576317
v -2.594846 5.94513 -0.519894
v -1.650133 6.031485 -1.259169
v -0.817463 6.522428 -1.045207
v -0.583193 6.542868 0.952793
v -1.507796 6.220853 1.349473
v -2.348803 6.644102 0.757196
v -2.571804 6.596575 -0.440537
v -1.589544 6.570141 -1.033793
v -0.635308 9.120931 -0.962177
v -0.44987 9.079911 0.874516
v -1.172466 9.326129 1.390408
v -1.875571 9.616614 0.931128
v -2.216522 9.748923 0.165374
v -1.385204 9.349553 -1.024617
v -0.450229 10.564798 -0.875416
v -0.423726 10.671756 1.221051
v -0.948263 10.661775 1.439814
v -1.760715 10.704209 1.135414
v -1.694649 10.809579 -0.541531
v -1.107763 10.630213 -0.904761
v 0 10.531668 1.276816
v -1.581033 11.707465 1.012194
v 0 12.498628 1.417726
v -1.396158 12.846101 0.802233
v 0 12.568927 -0.941644
v -1.314866 12.867353 -0.628672
v 0 10.684897 -0.869426
v -1.594857 11.532864 -0.650736
v 0 10.134228 0.773881
v -1.912841 11.707465 0.139792
v -1.65081 12.846101 0.14832
v -0.719581 12.635367 1.303412
v -0.681919 12.793517 -0.800275
v -0.092661 10.10902 0.668172
v 0 11.772271 -1.275707
v -0.916495 12.150927 -1.09844
v -1.412993 12.389527 -0.657258
v -1.741034 12.35359 0.083411
v -1.392952 12.35359 0.96021
v -0.666509 11.549215 1.385044
v 0 11.560026 1.522391
v -3.908817 10.021301 -0.976692
v -3.435467 10.348742 -0.932151
v -3.125081 10.816233 -0.140562
v -3.270999 10.931313 0.132997
v -3.922985 10.209603 0.187579
v -3.816428 10.763149 -1.004543
v -3.536241 10.746022 -1.1098
v -3.271416 11.270354 -0.264542
v -3.508643 11.296184 -0.14032
v -3.835815 11.280715 -0.21156
v -3.755219 11.208667 -0.913096
v -3.295024 11.21779 -0.798181
v -3.889958 11.235511 -0.612937
v -2.880643 12.660167 -1.488785
v -2.650489 12.903482 -0.69551
v -2.929495 12.993966 -0.226996
v -3.547268 13.152965 -0.256533
v -3.818798 12.884484 -0.888222
v -3.33638 12.919215 -1.424821
v -2.100473 16.013441 -0.458526
v -2.6273 16.272902 -0.219333
v -1.52054 17.811138 0.156127
v -1.969356 17.463762 0.011157
v -1.830808 18.143435 -1.205655
v -2.511612 17.103958 -1.802989
v -2.160182 15.944407 -1.643029
v -2.95594 16.427896 -1.254494
v -1.797748 18.040483 -0.384908
v -1.226996 18.28371 -0.373258
v -1.832711 16.021532 0.167894
v -2.928865 16.133953 -0.662941
v -1.684973 16.95904 0.425311
v -1.571381 16.806389 -2.115787
v -2.909455 17.253992 -1.214137
v -2.868264 16.89068 -0.559927
v -2.568606 17.047485 -0.011848
v -2.105699 15.326633 -0.99018
v -2.268315 16.161673 -0.191668
v -2.454662 17.809956 -0.458098
v -2.065146 16.580824 0.084545
v -1.6E-05 17.696934 0.589925
v 6E-06 18.265932 -1.620685
v 9.2E-05 17.314363 -2.02401
v 0 16.137875 0.921168
v 0 15.802289 -1.864354
v -1.463356 14.977023 -1.549177
v -1.540045 15.188006 0.487999
v 0 15.299264 0.902573
v -1.546576 15.924298 0.492848
v -1.884949 15.471158 -1.518341
v -1.845678 14.98665 -0.890829
v -1.849897 15.663129 -0.497335
v -1.966416 15.733756 -1.457716
v 0 18.629393 -1.404636
v -0.980533 16.327698 0.970602
v -0.892685 15.419433 0.877316
v -0.762861 15.2259 -1.908272
v -0.905832 16.494783 -2.169276
v -0.956977 17.59788 -2.121724
v -0.94362 18.3201 -1.687645
v -0.815989 18.552841 -0.776437
v -0.92707 17.685423 0.526642
v 0 14.63165 1.044113
v -0.805606 15.044171 0.816749
v -1.315275 14.459922 0.453832
v -1.632015 14.469251 -0.158265
v -1.420487 14.213746 -0.827622
v -0.744396 14.150105 -1.062606
v 0 14.271709 -1.347564
v 0 16.406584 1.030038
v -0.953722 16.039392 0.849646
v -1.599493 16.348248 0.6639
v -1.008821 17.096254 0.769135
v 0 17.13255 0.842921
v -0.660587 14.15664 1.038117
v 0 13.983182 1.18393
v 0 13.318105 -1.014639
v -0.750454 13.343034 -0.912658
v -1.317456 13.382226 -0.600099
v -1.517034 13.467942 0.00972
v -1.318793 13.556952 0.717531
v -0.693881 13.324388 1.192256
v 0 13.245629 1.370432
v -1.70454 14.986161 -0.190841
v 0 18.242422 0.152354
v -0.596808 18.374636 -0.1604
v 0 18.520084 0.019008
v -0.466696 18.679092 -0.251785
v -0.712266 18.835209 -0.739653
v 0 19.163301 -1.3165
v -2.115188 16.40574 -1.932729
v -2.049012 15.839984 -1.332924
v -1.829074 16.0503 -1.928052
v -2.562893 14.021882 -0.720434
v -3.320019 14.631789 -1.005595
v -3.23954 14.143605 -0.567664
v -2.80948 14.012052 -0.49908
v -2.596632 14.018819 -1.343579
v -3.111366 14.055051 -1.459123
v -1.523645 15.726319 -2.032151
v -1.702389 17.734224 -1.879535
v -0.418913 18.636341 -1.333362
v -0.44827 19.091473 -1.15674
v -2.304904 17.955112 -1.294191
v -2.361201 15.398591 -0.257777
v -3.128251 15.281749 -0.583877
v -3.207442 15.804023 -1.186336
v -2.978728 15.257108 -1.640122
v -2.367932 15.09518 -1.796533
v -2.305511 14.63712 -0.980444
v -2.557854 14.629722 -0.317712
v -3.085707 14.447469 -1.447346
v -2.743405 14.35238 -1.536349
v -3.345445 15.193345 -1.187254
v -3.492362 13.77732 -0.949003
v -3.407715 13.759425 -0.531749
v -2.891443 13.575839 -0.487834
v -2.664441 13.43694 -0.712107
v -2.672481 13.626622 -1.309212
v -3.222975 13.776464 -1.354631
v -2.886026 14.015805 -1.573409
v -2.930212 13.667594 -1.457103
v -3.405243 14.126802 -0.988148
v -2.805704 15.517287 -0.172793
v -3.023396 14.734101 -0.300542
v -2.640612 16.09217 -1.63348
v -3.442837 11.194373 -1.010808
v -2.470155 14.267039 -1.296588
v -1.015515 11.274564 -1.121398
v -0.340624 10.137218 1.034008
v -2.072463 10.862619 0.22743
v 0 11.170572 -1.1869
v 0 18.653654 0.652768
v -0.406451 18.85704 0.367831
v 0 21.300346 0.794475
v -0.772903 21.036835 0.430235
v 0 21.63572 -0.865145
v -0.986084 21.052114 -0.454439
v 0 20.355179 -1.558483
v -0.918226 19.834541 -0.796717
v 0 18.736507 0.286231
v -0.605039 19.047794 -0.018829
v 0 21.6274 0.083692
v 0 21.147512 -1.335247
v -1.053487 20.524118 -0.83125
v -0.953689 20.266085 0.065377
v -0.777815 20.314915 0.611775
v 0 20.368107 1.040391
v 0 19.89753 1.109842
v -0.513748 19.748743 0.790654
v -0.87562 19.838099 0.33191
v 0 19.54456 1.263243
v -0.525461 19.404037 0.673116
v 0 19.063498 0.928733
v -0.393944 19.184523 0.756867
v 0 20.151888 1.001347
v -0.502246 20.17459 0.744483
v -0.697645 20.08433 0.614452
v -0.49309 20.018204 0.702326
v -0.116574 20.139172 0.973931
v -0.144863 19.90916 0.879975
v -0.209121 19.465082 0.918033
v 0 19.423153 0.999062
v -0.217552 20.123625 0.859361
v -0.164276 19.625479 0.918919
v -0.109372 19.507015 1.193113
v 0 18.986523 0.86832
v -0.777219 20.662252 0.587872
v -0.860358 20.115503 0.443733
v -0.226113 20.325886 1.005292
v -0.523665 20.756058 0.88271
v -0.46735 21.20518 0.639395
v -0.559052 21.459581 0.138032
v -0.747303 19.304344 -0.125042
v -0.84951 19.53019 -0.130441
v -0.576888 19.16183 0.447566
v -0.925779 20.439116 0.283118
v -0.774326 19.873402 0.546468
v -0.257483 18.823898 0.718448
v 0 18.758451 0.812525
v -0.744741 19.448124 0.351281
v -0.594377 20.321873 0.837448
v 0 19.642797 1.18057
v -0.094874 19.65441 1.127406
v -0.275059 20.006235 0.805888
v 0 19.444721 1.226745
v 0 20.876495 1.017218
v -0.680163 19.41398 -0.739511
v -0.954999 20.249878 -0.24223
v -0.899291 19.769796 -0.344036
v -0.998629 19.531042 -0.228238
v -1.151214 20.31006 -0.149254
v -1.087053 19.77137 -0.313884
v -0.894167 19.955208 -0.040441
v -0.960036 20.070684 -0.182771
v -1.217895 20.140423 -0.376166
v -0.74554 21.001427 -1.185209
v -0.666902 20.319035 -1.376365
v -0.646838 21.463985 -0.646565
v -0.542692 19.186852 -0.314139
v 0 18.844906 -0.013424
v -0.469489 19.575113 -1.207613
v -0.007399 19.580116 -1.380506
v -0.250704 18.985456 -0.034882
v -1.709454 5.491281 -1.008025
v -0.861335 5.451151 -0.890565
v -2.246903 5.467558 -0.617334
v -2.180037 5.485729 0.298058
v -1.571637 5.419268 0.801928
v -0.847776 5.404309 0.361106
v -0.300607 9.030844 -0.024393
v -0.386817 6.560938 -0.099976
v -0.379473 5.840921 -0.545477
v -2.297972 6.334377 0.695693
v -2.441423 6.300233 -0.421834
v -2.303556 7.887789 -0.294764
v -0.668485 6.220469 0.736262
v -1.382134 7.738318 1.360452
v -0.64472 7.593109 0.899069
v -0.488105 7.563305 -0.160372
v -0.878741 7.630035 -0.870506
v -1.556822 7.728311 -0.863693
v -2.036133 7.860189 0.723951
v -3.099138 10.26178 0.275474
v -3.530583 10.002685 0.143456
v -3.88021 9.990741 0.198658
v -3.907832 9.866245 -0.954736
v -3.532061 9.903482 -0.945707
v -4.003115 9.916842 -0.374451
v -3.618739 9.922977 -0.663915
v -3.62323 9.973692 -0.098982
v -2.925059 10.253263 -0.019825
v -3.431596 10.247601 0.081759
v -3.658134 9.945488 -0.401521
v -3.190899 10.304394 -0.175948
v -1.893437 9.598442 -0.511735
v -0.259499 10.286403 -0.408122
v -0.383489 6.234642 -0.301867
v -1.426923 6.734392 1.5497
v -3.553674 10.880185 0.153719
v -3.896539 10.846854 -0.06985
v -3.478518 10.376123 -0.172082
v -3.050188 9.528407 0.174911
v -2.931126 9.535824 0.025399
v -3.094373 9.647466 -0.036476
v -3.215572 9.640283 0.109594
v -3.689394 10.26388 -1.059574
v -3.964025 9.954969 -0.067068
v -3.968761 10.111145 -0.606698
v -3.953377 10.819057 -0.528523
v -3.236614 10.76543 -0.628729
v -3.963906 9.886183 -0.666291
v -3.975394 10.181727 -0.12431
v 0 19.211145 0.974928
v -0.163844 19.238197 0.907201
v -0.143621 19.095242 0.854807
v -0.129871 19.041521 0.818379
v -0.985033 20.63046 0.064763
v -3.831619 9.546304 -0.677285
v -3.773534 9.550891 -0.910045
v -3.593675 9.623502 -0.673773
v -3.534246 9.628191 -0.892918
v -3.579593 9.576116 -0.030176
v -3.815659 9.525475 -0.00733
v -3.770119 9.544377 0.197407
v -3.576291 9.573518 0.155699
v -3.598044 9.550096 -0.333355
v -3.579389 9.54635 -0.092925
v -3.884219 9.486104 -0.312318
v -3.842289 9.492607 -0.067726
v -3.579815 9.585505 -0.608905
v -3.581166 9.584615 -0.398857
v -3.817153 9.500872 -0.585711
v -3.816013 9.495692 -0.380744
v -3.672533 9.23875 -0.640393
v -3.653471 9.243328 -0.838144
v -3.438116 9.32275 -0.639732
v -3.417684 9.327424 -0.823866
v -3.484991 9.231073 0.005809
v -3.722154 9.182215 0.009533
v -3.680365 9.200803 0.21427
v -3.482116 9.228445 0.176337
v -3.498107 9.18188 -0.299506
v -3.481411 9.177992 -0.087669
v -3.781102 9.119941 -0.293713
v -3.743004 9.126145 -0.04912
v -3.424989 9.25394 -0.579896
v -3.426199 9.253006 -0.386405
v -3.658612 9.161861 -0.565528
v -3.657454 9.156692 -0.360562
v -3.459006 8.991817 -0.591126
v -3.4418 8.996074 -0.789055
v -3.335062 9.119503 -0.613803
v -3.316579 9.123832 -0.798122
v -3.415735 9.000098 0.018997
v -3.537613 8.865781 0.04062
v -3.503451 8.885714 0.245062
v -3.411703 8.997596 0.189499
v -3.416532 8.876459 -0.275772
v -3.400981 8.873125 -0.083417
v -3.559159 8.724483 -0.26309
v -3.52704 8.731888 -0.018771
v -3.324716 9.03369 -0.552676
v -3.323802 9.033094 -0.388266
v -3.446999 8.897959 -0.536516
v -3.443918 8.893154 -0.331561
v -3.087114 9.969724 -0.099069
v -2.886755 9.922801 0.022616
v -3.030843 9.922633 0.238443
v -3.247434 9.916878 0.092588
v -2.103045 17.26223 -1.957037
v -0.069814 19.900917 1.069682
v -1.229472 18.377773 -0.943442
# 810 vertices

vn -0.13261792 0.22453186 0.9654004
vn -0.13261792 0.22453186 0.9654004
vn -0.13261792 0.22453186 0.9654004
vn -0.13261792 0.22453186 0.9654004
vn -0.017071988 0.9354714 0.3529898
vn -0.017071988 0.9354714 0.3529898
vn -0.017071988 0.9354714 0.3529898
vn -0.017071988 0.9354714 0.3529898
vn -0.93030053 0.03746498 -0.36487982
vn -0.93030053 0.03746498 -0.36487982
vn -0.93030053 0.03746498 -0.36487982
vn 0 -1 0
vn 0 -1 0
vn 0 -1 0
vn 0 -1 0
vn 0 -1 0
vn 0.9690958 0.08899798 -0.23007096
vn 0.9690958 0.08899798 -0.23007096
vn 0.9690958 0.08899798 -0.23007096
vn 0.9690958 0.08899798 -0.23007096
vn -0.87659806 0.36913303 0.308734
vn -0.87659806 0.36913303 0.308734
vn -0.87659806 0.36913303 0.308734
vn -0.87659806 0.36913303 0.308734
vn -0.6660004 0.6279794 0.40259823
vn -0.6660004 0.6279794 0.40259823
vn -0.6660004 0.6279794 0.40259823
vn 0 -1 0
vn 0 -1 0
vn 0 -1 0
vn 0.9150719 -0.033125997 -0.40192795
vn 0.9150719 -0.033125997 -0.40192795
vn 0.9150719 -0.033125997 -0.40192795
vn 0.12510504 -0.03936401 -0.9913623
vn 0.12510504 -0.03936401 -0.9913623
vn 0.12510504 -0.03936401 -0.9913623
vn 0.12510504 -0.03936401 -0.9913623
vn 0.7770878 0.27268592 0.5672538
vn 0.7770878 0.27268592 0.5672538
vn 0.7770878 0.27268592 0.5672538
vn 0.7770878 0.27268592 0.5672538
vn 0.5979271 0.76889116 0.22647204
vn 0.5979271 0.76889116 0.22647204
vn 0.5979271 0.76889116 0.22647204
vn -0.9579743 0.16895705 0.23181608
vn -0.9579743 0.16895705 0.23181608
vn -0.9579743 0.16895705 0.23181608
vn 0 -1 0
vn 0 -1 0
vn 0 -1 0
vn 0 -1 0
vn -0.36275983 0.6544997 0.6633517
vn -0.36275983 0.6544997 0.6633517
vn -0.36275983 0.6544997 0.6633517
vn 0 -1 0
vn 0 -1 0
vn 0 -1 0
vn 0 -1 0
vn 0.9913132 -0.04174401 -0.12472203
vn 0.9913132 -0.04174401 -0.12472203
vn 0.9913132 -0.04174401 -0.12472203
vn 0.9913132 -0.04174401 -0.12472203
vn 0.6336538 0.6580038 0.4068339
vn 0.6336538 0.6580038 0.4068339
vn 0.6336538 0.6580038 0.4068339
vn -0.9607112 0.16585304 0.22254604
vn -0.9607112 0.16585304 0.22254604
vn -0.9607112 0.16585304 0.22254604
vn 0.76165974 0.6430088 0.080087975
vn 0.76165974 0.6430088 0.080087975
vn 0.76165974 0.6430088 0.080087975
vn -0.8960911 0.41031104 -0.16930902
vn -0.8960911 0.41031104 -0.16930902
vn -0.8960911 0.41031104 -0.16930902
vn -0.983956 0.082042 0.158429
vn -0.983956 0.082042 0.158429
vn -0.983956 0.082042 0.158429
vn -0.9650833 0.2508061 -0.07556802
vn -0.9650833 0.2508061 -0.07556802
vn -0.9650833 0.2508061 -0.07556802
vn -0.26195982 0.9508873 0.16489488
vn -0.26195982 0.9508873 0.16489488
vn -0.26195982 0.9508873 0.16489488
vn -0.9401892 0.08908502 -0.32879806
vn -0.9401892 0.08908502 -0.32879806
vn -0.9401892 0.08908502 -0.32879806
vn -0.9401892 0.08908502 -0.32879806
vn -0.95153236 -0.045920018 0.3041011
vn -0.95153236 -0.045920018 0.3041011
vn -0.95153236 -0.045920018 0.3041011
vn -0.6862613 0.09952204 0.7205143
vn -0.6862613 0.09952204 0.7205143
vn -0.6862613 0.09952204 0.7205143
vn -0.6862613 0.09952204 0.7205143
vn 0.789894 0.036487997 0.612157
vn 0.789894 0.036487997 0.612157
vn 0.789894 0.036487997 0.612157
vn 0.789894 0.036487997 0.612157
vn 0.94046974 0.107972965 -0.3222709
vn 0.94046974 0.107972965 -0.3222709
vn 0.94046974 0.107972965 -0.3222709
vn 0.94046974 0.107972965 -0.3222709
vn 0.35914406 0.14880903 -0.9213422
vn 0.35914406 0.14880903 -0.9213422
vn 0.35914406 0.14880903 -0.9213422
vn 0.35914406 0.14880903 -0.9213422
vn -0.9944606 -0.101956956 0.025552988
vn -0.9944606 -0.101956956 0.025552988
vn -0.9944606 -0.101956956 0.025552988
vn -0.638866 -0.213927 0.738976
vn -0.638866 -0.213927 0.738976
vn -0.638866 -0.213927 0.738976
vn -0.638866 -0.213927 0.738976
vn 0.699552 -0.11467 0.705321
vn 0.699552 -0.11467 0.705321
vn 0.699552 -0.11467 0.705321
vn 0.699552 -0.11467 0.705321
vn 0.9793991 -0.057560004 -0.19355701
vn 0.9793991 -0.057560004 -0.19355701
vn 0.9793991 -0.057560004 -0.19355701
vn 0.9793991 -0.057560004 -0.19355701
vn 0.5070781 -0.0022230006 -0.86189723
vn 0.5070781 -0.0022230006 -0.86189723
vn 0.5070781 -0.0022230006 -0.86189723
vn 0.5070781 -0.0022230006 -0.86189723
vn -0.96422285 -0.26448396 0.017959997
vn -0.96422285 -0.26448396 0.017959997
vn -0.96422285 -0.26448396 0.017959997
vn -0.96422285 -0.26448396 0.017959997
vn -0.49081302 -0.321384 0.809824
vn -0.49081302 -0.321384 0.809824
vn -0.49081302 -0.321384 0.809824
vn -0.49081302 -0.321384 0.809824
vn 0.6127531 -0.23540504 0.7543991
vn 0.6127531 -0.23540504 0.7543991
vn 0.6127531 -0.23540504 0.7543991
vn 0.6127531 -0.23540504 0.7543991
vn 0.9976682 -0.06321801 -0.025723005
vn 0.9976682 -0.06321801 -0.025723005
vn 0.9976682 -0.06321801 -0.025723005
vn 0.9976682 -0.06321801 -0.025723005
vn 0.5443721 0.05793001 -0.83684117
vn 0.5443721 0.05793001 -0.83684117
vn 0.5443721 0.05793001 -0.83684117
vn 0.5443721 0.05793001 -0.83684117
vn -0.24180003 0.5352371 -0.80935407
vn -0.24180003 0.5352371 -0.80935407
vn -0.24180003 0.5352371 -0.80935407
vn -0.99854004 0.050922003 0.01802
vn -0.99854004 0.050922003 0.01802
vn -0.99854004 0.050922003 0.01802
vn -0.99854004 0.050922003 0.01802
vn -0.5697679 -0.19538297 0.79824185
vn -0.5697679 -0.19538297 0.79824185
vn -0.5697679 -0.19538297 0.79824185
vn -0.5697679 -0.19538297 0.79824185
vn 0.6109498 -0.12582196 0.7816068
vn 0.6109498 -0.12582196 0.7816068
vn 0.6109498 -0.12582196 0.7816068
vn 0.6109498 -0.12582196 0.7816068
vn 0.96728045 0.25176585 0.03134398
vn 0.96728045 0.25176585 0.03134398
vn 0.96728045 0.25176585 0.03134398
vn 0.96728045 0.25176585 0.03134398
vn 0.5966299 0.31536296 -0.7379559
vn 0.5966299 0.31536296 -0.7379559
vn 0.5966299 0.31536296 -0.7379559
vn 0.5966299 0.31536296 -0.7379559
vn -0.94375956 0.013225994 -0.33036786
vn -0.94375956 0.013225994 -0.33036786
vn -0.94375956 0.013225994 -0.33036786
vn 0.9467176 0.02695399 -0.3209349
vn 0.9467176 0.02695399 -0.3209349
vn 0.9467176 0.02695399 -0.3209349
vn -0.62255013 0.10634802 -0.7753202
vn -0.62255013 0.10634802 -0.7753202
vn -0.62255013 0.10634802 -0.7753202
vn 0.5983918 0.7630737 0.2442249
vn 0.5983918 0.7630737 0.2442249
vn 0.5983918 0.7630737 0.2442249
vn 0.5983918 0.7630737 0.2442249
vn -0.010067998 0.9353369 0.35361496
vn -0.010067998 0.9353369 0.35361496
vn -0.010067998 0.9353369 0.35361496
vn -0.80787385 -0.18445396 -0.5597469
vn -0.80787385 -0.18445396 -0.5597469
vn -0.80787385 -0.18445396 -0.5597469
vn -0.8289966 -0.065244965 -0.5554347
vn -0.8289966 -0.065244965 -0.5554347
vn -0.8289966 -0.065244965 -0.5554347
vn -0.9297052 -0.15773705 -0.33281708
vn -0.9297052 -0.15773705 -0.33281708
vn -0.9297052 -0.15773705 -0.33281708
vn -0.60055506 0.046792004 -0.79821306
vn -0.60055506 0.046792004 -0.79821306
vn -0.60055506 0.046792004 -0.79821306
vn 0.13261792 0.22453186 0.9654004
vn 0.13261792 0.22453186 0.9654004
vn 0.13261792 0.22453186 0.9654004
vn 0.13261792 0.22453186 0.9654004
vn 0.017071988 0.9354714 0.3529898
vn 0.017071988 0.9354714 0.3529898
vn 0.017071988 0.9354714 0.3529898
vn 0.017071988 0.9354714 0.3529898
vn 0.93030053 0.03746498 -0.36487982
vn 0.93030053 0.03746498 -0.36487982
vn 0.93030053 0.03746498 -0.36487982
vn 0 -1 0
vn 0 -1 0
vn 0 -1 0
vn 0 -1 0
vn 0 -1 0
vn -0.9690958 0.08899798 -0.23007096
vn -0.9690958 0.08899798 -0.23007096
vn -0.9690958 0.08899798 -0.23007096
vn -0.9690958 0.08899798 -0.23007096
vn 0.87659806 0.36913303 0.308734
vn 0.87659806 0.36913303 0.308734
vn 0.87659806 0.36913303 0.308734
vn 0.87659806 0.36913303 0.308734
vn 0.6660004 0.6279794 0.40259823
vn 0.6660004 0.6279794 0.40259823
vn 0.6660004 0.6279794 0.40259823
vn 0 -1 0
vn 0 -1 0
vn 0 -1 0
vn -0.9150719 -0.033125997 -0.40192795
vn -0.9150719 -0.033125997 -0.40192795
vn -0.9150719 -0.033125997 -0.40192795
vn -0.12510504 -0.03936401 -0.9913623
vn -0.12510504 -0.03936401 -0.9913623
vn -0.12510504 -0.03936401 -0.9913623
vn -0.12510504 -0.03936401 -0.9913623
vn -0.7770878 0.27268592 0.5672538
vn -0.7770878 0.27268592 0.5672538
vn -0.7770878 0.27268592 0.5672538
vn -0.7770878 0.27268592 0.5672538
vn -0.5979271 0.76889116 0.22647204
vn -0.5979271 0.76889116 0.22647204
vn -0.5979271 0.76889116 0.22647204
vn 0.9579743 0.16895705 0.23181608
vn 0.9579743 0.16895705 0.23181608
vn 0.9579743 0.16895705 0.23181608
vn 0 -1 0
vn 0 -1 0
vn 0 -1 0
vn 0 -1 0
vn 0.36275983 0.6544997 0.6633517
vn 0.36275983 0.6544997 0.6633517
vn 0.36275983 0.6544997 0.6633517
vn 0 -1 0
vn 0 -1 0
vn 0 -1 0
vn 0 -1 0
vn -0.9913132 -0.04174401 -0.12472203
vn -0.9913132 -0.04174401 -0.12472203
vn -0.9913132 -0.04174401 -0.12472203
vn -0.9913132 -0.04174401 -0.12472203
vn -0.6336538 0.6580038 0.4068339
vn -0.6336538 0.6580038 0.4068339
vn -0.6336538 0.6580038 0.4068339
vn 0.9607112 0.16585304 0.22254604
vn 0.9607112 0.16585304 0.22254604
vn 0.9607112 0.16585304 0.22254604
vn -0.76165974 0.6430088 0.080087975
vn -0.76165974 0.6430088 0.080087975
vn -0.76165974 0.6430088 0.080087975
vn 0.8960911 0.41031104 -0.16930902
vn 0.8960911 0.41031104 -0.16930902
vn 0.8960911 0.41031104 -0.16930902
vn 0.983956 0.082042 0.158429
vn 0.983956 0.082042 0.158429
vn 0.983956 0.082042 0.158429
vn 0.9650833 0.2508061 -0.07556802
vn 0.9650833 0.2508061 -0.07556802
vn 0.9650833 0.2508061 -0.07556802
vn 0.26195982 0.9508873 0.16489488
vn 0.26195982 0.9508873 0.16489488
vn 0.26195982 0.9508873 0.16489488
vn 0.9401892 0.08908502 -0.32879806
vn 0.9401892 0.08908502 -0.32879806
vn 0.9401892 0.08908502 -0.32879806
vn 0.9401892 0.08908502 -0.32879806
vn 0.95153236 -0.045920018 0.3041011
vn 0.95153236 -0.045920018 0.3041011
vn 0.95153236 -0.045920018 0.3041011
vn 0.6862613 0.09952204 0.7205143
vn 0.6862613 0.09952204 0.7205143
vn 0.6862613 0.09952204 0.7205143
vn 0.6862613 0.09952204 0.7205143
vn -0.789894 0.036487997 0.612157
vn -0.789894 0.036487997 0.612157
vn -0.789894 0.036487997 0.612157
vn -0.789894 0.036487997 0.612157
vn -0.94046974 0.107972965 -0.3222709
vn -0.94046974 0.107972965 -0.3222709
vn -0.94046974 0.107972965 -0.3222709
vn -0.94046974 0.107972965 -0.3222709
vn -0.35914406 0.14880903 -0.9213422
vn -0.35914406 0.14880903 -0.9213422
vn -0.35914406 0.14880903 -0.9213422
vn -0.35914406 0.14880903 -0.9213422
vn 0.9944606 -0.101956956 0.025552988
vn 0.9944606 -0.101956956 0.025552988
vn 0.9944606 -0.101956956 0.025552988
vn 0.638866 -0.213927 0.738976
vn 0.638866 -0.213927 0.738976
vn 0.638866 -0.213927 0.738976
vn 0.638866 -0.213927 0.738976
vn -0.699552 -0.11467 0.705321
vn -0.699552 -0.11467 0.705321
vn -0.699552 -0.11467 0.705321
vn -0.699552 -0.11467 0.705321
vn -0.9793991 -0.057560004 -0.19355701
vn -0.9793991 -0.057560004 -0.19355701
vn -0.9793991 -0.057560004 -0.19355701
vn -0.9793991 -0.057560004 -0.19355701
vn -0.5070781 -0.0022230006 -0.86189723
vn -0.5070781 -0.0022230006 -0.86189723
vn -0.5070781 -0.0022230006 -0.86189723
vn -0.5070781 -0.0022230006 -0.86189723
vn 0.96422285 -0.26448396 0.017959997
vn 0.96422285 -0.26448396 0.017959997
vn 0.96422285 -0.26448396 0.017959997
vn 0.96422285 -0.26448396 0.017959997
vn 0.49081302 -0.321384 0.809824
vn 0.49081302 -0.321384 0.809824
vn 0.49081302 -0.321384 0.809824
vn 0.49081302 -0.321384 0.809824
vn -0.6127531 -0.23540504 0.7543991
vn -0.6127531 -0.23540504 0.7543991
vn -0.6127531 -0.23540504 0.7543991
vn -0.6127531 -0.23540504 0.7543991
vn -0.9976682 -0.06321801 -0.025723005
vn -0.9976682 -0.06321801 -0.025723005
vn -0.9976682 -0.06321801 -0.025723005
vn -0.9976682 -0.06321801 -0.025723005
vn -0.5443721 0.05793001 -0.83684117
vn -0.5443721 0.05793001 -0.83684117
vn -0.5443721 0.05793001 -0.83684117
vn -0.5443721 0.05793001 -0.83684117
vn 0.24180003 0.5352371 -0.80935407
vn 0.24180003 0.5352371 -0.80935407
vn 0.24180003 0.5352371 -0.80935407
vn 0.99854004 0.050922003 0.01802
vn 0.99854004 0.050922003 0.01802
vn 0.99854004 0.050922003 0.01802
vn 0.99854004 0.050922003 0.01802
vn 0.5697679 -0.19538297 0.79824185
vn 0.5697679 -0.19538297 0.79824185
vn 0.5697679 -0.19538297 0.79824185
vn 0.5697679 -0.19538297 0.79824185
vn -0.6109498 -0.12582196 0.7816068
vn -0.6109498 -0.12582196 0.7816068
vn -0.6109498 -0.12582196 0.7816068
vn -0.6109498 -0.12582196 0.7816068
vn -0.96728045 0.25176585 0.03134398
vn -0.96728045 0.25176585 0.03134398
vn -0.96728045 0.25176585 0.03134398
vn -0.96728045 0.25176585 0.03134398
vn -0.5966299 0.31536296 -0.7379559
vn -0.5966299 0.31536296 -0.7379559
vn -0.5966299 0.31536296 -0.7379559
vn -0.5966299 0.31536296 -0.7379559
vn 0.94375956 0.013225994 -0.33036786
vn 0.94375956 0.013225994 -0.33036786
vn 0.94375956 0.013225994 -0.33036786
vn -0.9467176 0.02695399 -0.3209349
vn -0.9467176 0.02695399 -0.3209349
vn -0.9467176 0.02695399 -0.3209349
vn 0.62255013 0.10634802 -0.7753202
vn 0.62255013 0.10634802 -0.7753202
vn 0.62255013 0.10634802 -0.7753202
vn -0.5983918 0.7630737 0.2442249
vn -0.5983918 0.7630737 0.2442249
vn -0.5983918 0.7630737 0.2442249
vn -0.5983918 0.7630737 0.2442249
vn 0.010067998 0.9353369 0.35361496
vn 0.010067998 0.9353369 0.35361496
vn 0.010067998 0.9353369 0.35361496
vn 0.80787385 -0.18445396 -0.5597469
vn 0.80787385 -0.18445396 -0.5597469
vn 0.80787385 -0.18445396 -0.5597469
vn 0.8289966 -0.065244965 -0.5554347
vn 0.8289966 -0.065244965 -0.5554347
vn 0.8289966 -0.065244965 -0.5554347
vn 0.9297052 -0.15773705 -0.33281708
vn 0.9297052 -0.15773705 -0.33281708
vn 0.9297052 -0.15773705 -0.33281708
vn 0.60055506 0.046792004 -0.79821306
vn 0.60055506 0.046792004 -0.79821306
vn 0.60055506 0.046792004 -0.79821306
vn -0.95348597 0.26940697 0.13521999
vn -0.95348597 0.26940697 0.13521999
vn -0.95348597 0.26940697 0.13521999
vn 0.63835394 -0.24936998 0.72822994
vn 0.63835394 -0.24936998 0.72822994
vn 0.63835394 -0.24936998 0.72822994
vn 0.9231314 0.36923316 0.107216045
vn 0.9231314 0.36923316 0.107216045
vn 0.9231314 0.36923316 0.107216045
vn 0.6167953 0.36185017 -0.6990193
vn 0.6167953 0.36185017 -0.6990193
vn 0.6167953 0.36185017 -0.6990193
vn -0.07911004 0.28247014 -0.9560085
vn -0.07911004 0.28247014 -0.9560085
vn -0.07911004 0.28247014 -0.9560085
vn -0.07911004 0.28247014 -0.9560085
vn -0.982656 0.087048 0.163737
vn -0.982656 0.087048 0.163737
vn -0.982656 0.087048 0.163737
vn -0.982656 0.087048 0.163737
vn -0.47371677 -0.3836758 0.79270756
vn -0.47371677 -0.3836758 0.79270756
vn -0.47371677 -0.3836758 0.79270756
vn 0.62838185 -0.19469096 0.75314784
vn 0.62838185 -0.19469096 0.75314784
vn 0.62838185 -0.19469096 0.75314784
vn 0.9354884 0.2474211 0.25227812
vn 0.9354884 0.2474211 0.25227812
vn 0.9354884 0.2474211 0.25227812
vn 0.58225715 0.13421804 -0.8018492
vn 0.58225715 0.13421804 -0.8018492
vn 0.58225715 0.13421804 -0.8018492
vn -0.0027229986 0.15047891 -0.9886095
vn -0.0027229986 0.15047891 -0.9886095
vn -0.0027229986 0.15047891 -0.9886095
vn -0.0027229986 0.15047891 -0.9886095
vn -0.8233112 -0.06913402 0.56336415
vn -0.8233112 -0.06913402 0.56336415
vn -0.8233112 -0.06913402 0.56336415
vn -0.37647504 -0.253293 0.89112806
vn -0.37647504 -0.253293 0.89112806
vn -0.37647504 -0.253293 0.89112806
vn 0.4549602 -0.029520012 0.89002234
vn 0.4549602 -0.029520012 0.89002234
vn 0.4549602 -0.029520012 0.89002234
vn 0.4549602 -0.029520012 0.89002234
vn 0.9259573 0.06387902 0.37218612
vn 0.9259573 0.06387902 0.37218612
vn 0.9259573 0.06387902 0.37218612
vn 0.9259573 0.06387902 0.37218612
vn 0.58439803 0.14057502 -0.7991981
vn 0.58439803 0.14057502 -0.7991981
vn 0.58439803 0.14057502 -0.7991981
vn 0.58439803 0.14057502 -0.7991981
vn -0.077892035 0.062235024 -0.9950174
vn -0.077892035 0.062235024 -0.9950174
vn -0.077892035 0.062235024 -0.9950174
vn -0.077892035 0.062235024 -0.9950174
vn 0.1961049 -0.22984289 0.9532655
vn 0.1961049 -0.22984289 0.9532655
vn 0.1961049 -0.22984289 0.9532655
vn 0.1961049 -0.22984289 0.9532655
vn 0.17168005 0.045179013 -0.98411626
vn 0.17168005 0.045179013 -0.98411626
vn 0.17168005 0.045179013 -0.98411626
vn 0.34425578 -0.7458115 0.57030964
vn 0.34425578 -0.7458115 0.57030964
vn 0.34425578 -0.7458115 0.57030964
vn 0.34425578 -0.7458115 0.57030964
vn 0.8951957 0.27848792 0.3479499
vn 0.8951957 0.27848792 0.3479499
vn 0.8951957 0.27848792 0.3479499
vn 0.8951957 0.27848792 0.3479499
vn -0.64149994 -0.73028797 -0.23485598
vn -0.64149994 -0.73028797 -0.23485598
vn -0.64149994 -0.73028797 -0.23485598
vn -0.64149994 -0.73028797 -0.23485598
vn 0.89730555 0.19459112 -0.39620325
vn 0.89730555 0.19459112 -0.39620325
vn 0.89730555 0.19459112 -0.39620325
vn 0.89730555 0.19459112 -0.39620325
vn 0.34563205 0.17478602 0.92194813
vn 0.34563205 0.17478602 0.92194813
vn 0.34563205 0.17478602 0.92194813
vn 0.018597003 0.38664007 -0.92204314
vn 0.018597003 0.38664007 -0.92204314
vn 0.018597003 0.38664007 -0.92204314
vn 0.36637005 0.35912204 -0.8583731
vn 0.36637005 0.35912204 -0.8583731
vn 0.36637005 0.35912204 -0.8583731
vn 0.36637005 0.35912204 -0.8583731
vn 0.89833564 0.21147591 -0.38505983
vn 0.89833564 0.21147591 -0.38505983
vn 0.89833564 0.21147591 -0.38505983
vn 0.89833564 0.21147591 -0.38505983
vn 0.9241806 0.11602595 0.36390683
vn 0.9241806 0.11602595 0.36390683
vn 0.9241806 0.11602595 0.36390683
vn 0.9241806 0.11602595 0.36390683
vn 0.52213305 0.25741002 0.8130911
vn 0.52213305 0.25741002 0.8130911
vn 0.52213305 0.25741002 0.8130911
vn 0.17042607 0.085851036 0.9816234
vn 0.17042607 0.085851036 0.9816234
vn 0.17042607 0.085851036 0.9816234
vn 0.17042607 0.085851036 0.9816234
vn -0.4990217 -0.24510485 -0.83120453
vn -0.4990217 -0.24510485 -0.83120453
vn -0.4990217 -0.24510485 -0.83120453
vn -0.87588906 0.36758104 0.31257403
vn -0.87588906 0.36758104 0.31257403
vn -0.87588906 0.36758104 0.31257403
vn 0.5380531 0.32881504 0.77613115
vn 0.5380531 0.32881504 0.77613115
vn 0.5380531 0.32881504 0.77613115
vn 0.97864455 0.17315692 0.110776946
vn 0.97864455 0.17315692 0.110776946
vn 0.97864455 0.17315692 0.110776946
vn -0.822589 -0.046230998 -0.566754
vn -0.822589 -0.046230998 -0.566754
vn -0.822589 -0.046230998 -0.566754
vn 0.8854782 0.20704605 -0.4160051
vn 0.8854782 0.20704605 -0.4160051
vn 0.8854782 0.20704605 -0.4160051
vn -0.9248426 -0.34369683 -0.16290693
vn -0.9248426 -0.34369683 -0.16290693
vn -0.9248426 -0.34369683 -0.16290693
vn -0.8304031 -0.17624502 0.52855307
vn -0.8304031 -0.17624502 0.52855307
vn -0.8304031 -0.17624502 0.52855307
vn 0.03179798 0.061775964 0.9975834
vn 0.03179798 0.061775964 0.9975834
vn 0.03179798 0.061775964 0.9975834
vn 0.9298501 0.15136202 0.33536303
vn 0.9298501 0.15136202 0.33536303
vn 0.9298501 0.15136202 0.33536303
vn 0.74294096 -0.018255 -0.669108
vn 0.74294096 -0.018255 -0.669108
vn 0.74294096 -0.018255 -0.669108
vn 0.25251088 -0.21107289 -0.94429153
vn 0.25251088 -0.21107289 -0.94429153
vn 0.25251088 -0.21107289 -0.94429153
vn 0.3712621 -0.21389806 0.9035552
vn 0.3712621 -0.21389806 0.9035552
vn 0.3712621 -0.21389806 0.9035552
vn 0.6142271 0.5627111 0.5532461
vn 0.6142271 0.5627111 0.5532461
vn 0.6142271 0.5627111 0.5532461
vn 0.17403197 -0.5114579 -0.8415009
vn 0.17403197 -0.5114579 -0.8415009
vn 0.17403197 -0.5114579 -0.8415009
vn 0.82538784 -0.010741998 0.5644639
vn 0.82538784 -0.010741998 0.5644639
vn 0.82538784 -0.010741998 0.5644639
vn 0.39095694 0.9111759 0.13004299
vn 0.39095694 0.9111759 0.13004299
vn 0.39095694 0.9111759 0.13004299
vn 0.99444294 0.068788 0.07969599
vn 0.99444294 0.068788 0.07969599
vn 0.99444294 0.068788 0.07969599
vn 0.8905285 0.3715998 0.26243585
vn 0.8905285 0.3715998 0.26243585
vn 0.8905285 0.3715998 0.26243585
vn 0.29321888 0.59898174 0.7451467
vn 0.29321888 0.59898174 0.7451467
vn 0.29321888 0.59898174 0.7451467
vn 0.732413 0.134929 0.667357
vn 0.732413 0.134929 0.667357
vn 0.732413 0.134929 0.667357
vn -0.44636288 -0.6331059 0.6324058
vn -0.44636288 -0.6331059 0.6324058
vn -0.44636288 -0.6331059 0.6324058
vn -0.79814225 -0.14775304 0.5840702
vn -0.79814225 -0.14775304 0.5840702
vn -0.79814225 -0.14775304 0.5840702
vn -0.8264358 -0.37290293 -0.42183793
vn -0.8264358 -0.37290293 -0.42183793
vn -0.8264358 -0.37290293 -0.42183793
vn 0.86128414 0.34632605 0.37181705
vn 0.86128414 0.34632605 0.37181705
vn 0.86128414 0.34632605 0.37181705
vn 0.38289693 0.50857794 0.77119285
vn 0.38289693 0.50857794 0.77119285
vn 0.38289693 0.50857794 0.77119285
vn 0.75842345 0.6513645 -0.022761984
vn 0.75842345 0.6513645 -0.022761984
vn 0.75842345 0.6513645 -0.022761984
vn 0.33947083 0.93511957 0.10154295
vn 0.33947083 0.93511957 0.10154295
vn 0.33947083 0.93511957 0.10154295
vn 0.73949695 0.15261398 0.65563196
vn 0.73949695 0.15261398 0.65563196
vn 0.73949695 0.15261398 0.65563196
vn 0.21030508 -0.46483117 0.86006033
vn 0.21030508 -0.46483117 0.86006033
vn 0.21030508 -0.46483117 0.86006033
vn 0.4354428 -0.2410309 0.8673486
vn 0.4354428 -0.2410309 0.8673486
vn 0.4354428 -0.2410309 0.8673486
vn 0.24844997 0.90331286 0.34971195
vn 0.24844997 0.90331286 0.34971195
vn 0.24844997 0.90331286 0.34971195
vn 0.23233093 -0.6353398 -0.7364548
vn 0.23233093 -0.6353398 -0.7364548
vn 0.23233093 -0.6353398 -0.7364548
vn 0.23233093 -0.6353398 -0.7364548
vn 0.9727086 -0.12412094 0.19604091
vn 0.9727086 -0.12412094 0.19604091
vn 0.9727086 -0.12412094 0.19604091
vn 0.26906717 0.20180114 -0.9417426
vn 0.26906717 0.20180114 -0.9417426
vn 0.26906717 0.20180114 -0.9417426
vn 0.45303497 0.23682898 0.85945994
vn 0.45303497 0.23682898 0.85945994
vn 0.45303497 0.23682898 0.85945994
vn 0.45303497 0.23682898 0.85945994
vn 0.11785505 -0.08184303 -0.9896524
vn 0.11785505 -0.08184303 -0.9896524
vn 0.11785505 -0.08184303 -0.9896524
vn 0.51266503 -0.010202001 0.8585281
vn 0.51266503 -0.010202001 0.8585281
vn 0.51266503 -0.010202001 0.8585281
vn 0.97318614 -0.12015902 0.19613904
vn 0.97318614 -0.12015902 0.19613904
vn 0.97318614 -0.12015902 0.19613904
vn 0.22361197 -0.5407059 -0.8109469
vn 0.22361197 -0.5407059 -0.8109469
vn 0.22361197 -0.5407059 -0.8109469
vn 0.8323316 -0.48048276 -0.27633387
vn 0.8323316 -0.48048276 -0.27633387
vn 0.8323316 -0.48048276 -0.27633387
vn 0.8323316 -0.48048276 -0.27633387
vn 0.7085019 -0.57934195 -0.40297395
vn 0.7085019 -0.57934195 -0.40297395
vn 0.7085019 -0.57934195 -0.40297395
vn 0.31537294 0.9291058 -0.19313796
vn 0.31537294 0.9291058 -0.19313796
vn 0.31537294 0.9291058 -0.19313796
vn 0.024558004 -0.38869506 0.9210391
vn 0.024558004 -0.38869506 0.9210391
vn 0.024558004 -0.38869506 0.9210391
vn 0.031255994 -0.022156995 0.9992658
vn 0.031255994 -0.022156995 0.9992658
vn 0.031255994 -0.022156995 0.9992658
vn 0.05080898 -0.17061093 0.9840276
vn 0.05080898 -0.17061093 0.9840276
vn 0.05080898 -0.17061093 0.9840276
vn -0.07239601 -0.46164405 -0.8841061
vn -0.07239601 -0.46164405 -0.8841061
vn -0.07239601 -0.46164405 -0.8841061
vn -0.07239601 -0.46164405 -0.8841061
vn -0.24661393 -0.101775974 -0.9637548
vn -0.24661393 -0.101775974 -0.9637548
vn -0.24661393 -0.101775974 -0.9637548
vn -0.115551 0.048126 -0.992135
vn -0.115551 0.048126 -0.992135
vn -0.115551 0.048126 -0.992135
vn -0.08739897 0.38875684 -0.91718566
vn -0.08739897 0.38875684 -0.91718566
vn -0.08739897 0.38875684 -0.91718566
vn -0.025839001 0.630794 -0.77552
vn -0.025839001 0.630794 -0.77552
vn -0.025839001 0.630794 -0.77552
vn -0.025839001 0.630794 -0.77552
vn 0.18512195 0.11105098 0.97642076
vn 0.18512195 0.11105098 0.97642076
vn 0.18512195 0.11105098 0.97642076
vn 0.18512195 0.11105098 0.97642076
vn 0.5582869 0.15513398 0.81501484
vn 0.5582869 0.15513398 0.81501484
vn 0.5582869 0.15513398 0.81501484
vn 0.5582869 0.15513398 0.81501484
vn 0.9339388 0.19784495 0.29768392
vn 0.9339388 0.19784495 0.29768392
vn 0.9339388 0.19784495 0.29768392
vn 0.9339388 0.19784495 0.29768392
vn 0.9292977 0.07218897 -0.3622079
vn 0.9292977 0.07218897 -0.3622079
vn 0.9292977 0.07218897 -0.3622079
vn 0.9292977 0.07218897 -0.3622079
vn 0.38029206 -0.09782701 -0.9196781
vn 0.38029206 -0.09782701 -0.9196781
vn 0.38029206 -0.09782701 -0.9196781
vn 0.38029206 -0.09782701 -0.9196781
vn 0.19073293 -0.14857194 -0.97033364
vn 0.19073293 -0.14857194 -0.97033364
vn 0.19073293 -0.14857194 -0.97033364
vn 0.19073293 -0.14857194 -0.97033364
vn 0.07907701 0.24944803 0.9651541
vn 0.07907701 0.24944803 0.9651541
vn 0.07907701 0.24944803 0.9651541
vn 0.07907701 0.24944803 0.9651541
vn 0.07850398 0.03673499 0.99623674
vn 0.07850398 0.03673499 0.99623674
vn 0.07850398 0.03673499 0.99623674
vn 0.51385564 -0.012306991 0.8577884
vn 0.51385564 -0.012306991 0.8577884
vn 0.51385564 -0.012306991 0.8577884
vn 0.42017898 -0.38409498 0.822144
vn 0.42017898 -0.38409498 0.822144
vn 0.42017898 -0.38409498 0.822144
vn 0.42017898 -0.38409498 0.822144
vn 0.4588769 0.36583593 0.80968887
vn 0.4588769 0.36583593 0.80968887
vn 0.4588769 0.36583593 0.80968887
vn 0.4588769 0.36583593 0.80968887
vn 0.074568994 0.39802495 0.9143389
vn 0.074568994 0.39802495 0.9143389
vn 0.074568994 0.39802495 0.9143389
vn 0.074568994 0.39802495 0.9143389
vn 0.16748893 0.20446892 0.9644376
vn 0.16748893 0.20446892 0.9644376
vn 0.16748893 0.20446892 0.9644376
vn 0.64107984 0.08548198 0.7626988
vn 0.64107984 0.08548198 0.7626988
vn 0.64107984 0.08548198 0.7626988
vn 0.162427 0.21372499 0.96329594
vn 0.162427 0.21372499 0.96329594
vn 0.162427 0.21372499 0.96329594
vn 0.15840405 0.20810606 0.9651943
vn 0.15840405 0.20810606 0.9651943
vn 0.15840405 0.20810606 0.9651943
vn 0.030715005 -0.37533006 0.9263822
vn 0.030715005 -0.37533006 0.9263822
vn 0.030715005 -0.37533006 0.9263822
vn 0.22657695 -0.25688493 -0.93950677
vn 0.22657695 -0.25688493 -0.93950677
vn 0.22657695 -0.25688493 -0.93950677
vn 0.22657695 -0.25688493 -0.93950677
vn 0.40822002 -0.22780101 -0.88400406
vn 0.40822002 -0.22780101 -0.88400406
vn 0.40822002 -0.22780101 -0.88400406
vn 0.40822002 -0.22780101 -0.88400406
vn 0.9505649 -0.16924898 -0.260348
vn 0.9505649 -0.16924898 -0.260348
vn 0.9505649 -0.16924898 -0.260348
vn 0.9505649 -0.16924898 -0.260348
vn 0.9318112 0.027498007 0.3619001
vn 0.9318112 0.027498007 0.3619001
vn 0.9318112 0.027498007 0.3619001
vn 0.9318112 0.027498007 0.3619001
vn 0.57228065 0.20343587 0.7944235
vn 0.57228065 0.20343587 0.7944235
vn 0.57228065 0.20343587 0.7944235
vn 0.57228065 0.20343587 0.7944235
vn 0.18982306 0.21204808 0.95864636
vn 0.18982306 0.21204808 0.95864636
vn 0.18982306 0.21204808 0.95864636
vn 0.18982306 0.21204808 0.95864636
vn 0.64939165 -0.66234165 0.3736228
vn 0.64939165 -0.66234165 0.3736228
vn 0.64939165 -0.66234165 0.3736228
vn 0.96163774 -0.08899997 0.25948393
vn 0.96163774 -0.08899997 0.25948393
vn 0.96163774 -0.08899997 0.25948393
vn 0.9038337 -0.21629994 0.36918688
vn 0.9038337 -0.21629994 0.36918688
vn 0.9038337 -0.21629994 0.36918688
vn 0.9038337 -0.21629994 0.36918688
vn 0.12263396 0.68602574 0.71716774
vn 0.12263396 0.68602574 0.71716774
vn 0.12263396 0.68602574 0.71716774
vn 0.12263396 0.68602574 0.71716774
vn 0.295963 0.7882329 0.53953195
vn 0.295963 0.7882329 0.53953195
vn 0.295963 0.7882329 0.53953195
vn 0.352293 0.40454903 0.84393704
vn 0.352293 0.40454903 0.84393704
vn 0.352293 0.40454903 0.84393704
vn 0.352293 0.40454903 0.84393704
vn 0.8128479 0.36605698 0.45307896
vn 0.8128479 0.36605698 0.45307896
vn 0.8128479 0.36605698 0.45307896
vn 0.8128479 0.36605698 0.45307896
vn 0.84079236 0.2269981 -0.49146724
vn 0.84079236 0.2269981 -0.49146724
vn 0.84079236 0.2269981 -0.49146724
vn 0.84079236 0.2269981 -0.49146724
vn -0.9955149 -0.062529996 0.070993
vn -0.9955149 -0.062529996 0.070993
vn -0.9955149 -0.062529996 0.070993
vn 0.4351998 -0.7862306 -0.4386828
vn 0.4351998 -0.7862306 -0.4386828
vn 0.4351998 -0.7862306 -0.4386828
vn 0.4351998 -0.7862306 -0.4386828
vn 0.5106957 -0.42095372 -0.7496585
vn 0.5106957 -0.42095372 -0.7496585
vn 0.5106957 -0.42095372 -0.7496585
vn 0.08842897 0.23404191 -0.96819663
vn 0.08842897 0.23404191 -0.96819663
vn 0.08842897 0.23404191 -0.96819663
vn 0.7560273 -0.3238641 0.5688012
vn 0.7560273 -0.3238641 0.5688012
vn 0.7560273 -0.3238641 0.5688012
vn 0.87371707 -0.30686203 0.37743104
vn 0.87371707 -0.30686203 0.37743104
vn 0.87371707 -0.30686203 0.37743104
vn 0.10295398 0.093479976 0.9902838
vn 0.10295398 0.093479976 0.9902838
vn 0.10295398 0.093479976 0.9902838
vn 0.7315428 -0.67569685 0.09098798
vn 0.7315428 -0.67569685 0.09098798
vn 0.7315428 -0.67569685 0.09098798
vn 0.19803104 -0.17210503 -0.96496814
vn 0.19803104 -0.17210503 -0.96496814
vn 0.19803104 -0.17210503 -0.96496814
vn 0.43578404 0.8877431 0.14833902
vn 0.43578404 0.8877431 0.14833902
vn 0.43578404 0.8877431 0.14833902
vn 0.9114298 0.24398096 0.33131394
vn 0.9114298 0.24398096 0.33131394
vn 0.9114298 0.24398096 0.33131394
vn -0.90039825 -0.2705781 0.34069112
vn -0.90039825 -0.2705781 0.34069112
vn -0.90039825 -0.2705781 0.34069112
vn -0.032716993 0.17002298 -0.98489684
vn -0.032716993 0.17002298 -0.98489684
vn -0.032716993 0.17002298 -0.98489684
vn 0.8930179 0.38538894 0.23236696
vn 0.8930179 0.38538894 0.23236696
vn 0.8930179 0.38538894 0.23236696
vn -0.9349191 -0.27411103 -0.22536503
vn -0.9349191 -0.27411103 -0.22536503
vn -0.9349191 -0.27411103 -0.22536503
vn 0.9009192 -0.18934204 -0.39050508
vn 0.9009192 -0.18934204 -0.39050508
vn 0.9009192 -0.18934204 -0.39050508
vn 0.6451546 -0.39880773 -0.6517116
vn 0.6451546 -0.39880773 -0.6517116
vn 0.6451546 -0.39880773 -0.6517116
vn 0.596456 -0.468209 -0.651936
vn 0.596456 -0.468209 -0.651936
vn 0.596456 -0.468209 -0.651936
vn 0.9449092 -0.3142751 0.091530025
vn 0.9449092 -0.3142751 0.091530025
vn 0.9449092 -0.3142751 0.091530025
vn 0.95531994 -0.010418999 0.29538998
vn 0.95531994 -0.010418999 0.29538998
vn 0.95531994 -0.010418999 0.29538998
vn 0.2360419 0.7404397 0.62931174
vn 0.2360419 0.7404397 0.62931174
vn 0.2360419 0.7404397 0.62931174
vn 0.81750584 0.073903985 -0.5711589
vn 0.81750584 0.073903985 -0.5711589
vn 0.81750584 0.073903985 -0.5711589
vn 0.3869171 0.91289127 0.13009503
vn 0.3869171 0.91289127 0.13009503
vn 0.3869171 0.91289127 0.13009503
vn 0.34533584 -0.02173099 -0.93822753
vn 0.34533584 -0.02173099 -0.93822753
vn 0.34533584 -0.02173099 -0.93822753
vn 0.4040399 -0.088359974 -0.91046375
vn 0.4040399 -0.088359974 -0.91046375
vn 0.4040399 -0.088359974 -0.91046375
vn 0.43198195 0.7320129 -0.52682894
vn 0.43198195 0.7320129 -0.52682894
vn 0.43198195 0.7320129 -0.52682894
vn 0.47147882 0.5340218 -0.70180374
vn 0.47147882 0.5340218 -0.70180374
vn 0.47147882 0.5340218 -0.70180374
vn 0.42307788 0.8903527 -0.16815795
vn 0.42307788 0.8903527 -0.16815795
vn 0.42307788 0.8903527 -0.16815795
vn 0.26665092 0.24182992 -0.9329606
vn 0.26665092 0.24182992 -0.9329606
vn 0.26665092 0.24182992 -0.9329606
vn 0.26665092 0.24182992 -0.9329606
vn -0.23277299 0.497832 -0.835452
vn -0.23277299 0.497832 -0.835452
vn -0.23277299 0.497832 -0.835452
vn 0.75068516 -0.5733271 0.32828006
vn 0.75068516 -0.5733271 0.32828006
vn 0.75068516 -0.5733271 0.32828006
vn 0.80920637 -0.5849292 0.055162024
vn 0.80920637 -0.5849292 0.055162024
vn 0.80920637 -0.5849292 0.055162024
vn 0.65386397 0.49885097 -0.56886697
vn 0.65386397 0.49885097 -0.56886697
vn 0.65386397 0.49885097 -0.56886697
vn 0.22303298 0.81378293 -0.53666896
vn 0.22303298 0.81378293 -0.53666896
vn 0.22303298 0.81378293 -0.53666896
vn 0.9166426 0.17239192 0.36062083
vn 0.9166426 0.17239192 0.36062083
vn 0.9166426 0.17239192 0.36062083
vn 0.77696025 0.17648806 -0.6043052
vn 0.77696025 0.17648806 -0.6043052
vn 0.77696025 0.17648806 -0.6043052
vn 0.28913 -0.182982 -0.939639
vn 0.28913 -0.182982 -0.939639
vn 0.28913 -0.182982 -0.939639
vn -0.94727254 -0.24301188 -0.2088539
vn -0.94727254 -0.24301188 -0.2088539
vn -0.94727254 -0.24301188 -0.2088539
vn -0.6090389 -0.44156894 0.6588539
vn -0.6090389 -0.44156894 0.6588539
vn -0.6090389 -0.44156894 0.6588539
vn 0.18030411 0.5091523 -0.8415785
vn 0.18030411 0.5091523 -0.8415785
vn 0.18030411 0.5091523 -0.8415785
vn 0.06135601 0.040147007 -0.9973082
vn 0.06135601 0.040147007 -0.9973082
vn 0.06135601 0.040147007 -0.9973082
vn 0.99449813 0.051505007 0.09121801
vn 0.99449813 0.051505007 0.09121801
vn 0.99449813 0.051505007 0.09121801
vn 0.3458342 0.78705543 0.5108253
vn 0.3458342 0.78705543 0.5108253
vn 0.3458342 0.78705543 0.5108253
vn 0.5205159 0.34691694 0.7801999
vn 0.5205159 0.34691694 0.7801999
vn 0.5205159 0.34691694 0.7801999
vn -0.9548953 0.2884141 -0.070656024
vn -0.9548953 0.2884141 -0.070656024
vn -0.9548953 0.2884141 -0.070656024
vn 0.3294688 0.23306985 -0.9149474
vn 0.3294688 0.23306985 -0.9149474
vn 0.3294688 0.23306985 -0.9149474
vn 0.9293881 0.20957002 0.30383903
vn 0.9293881 0.20957002 0.30383903
vn 0.9293881 0.20957002 0.30383903
vn 0.8156148 0.13493197 0.56264186
vn 0.8156148 0.13493197 0.56264186
vn 0.8156148 0.13493197 0.56264186
vn -0.9039121 -0.25779805 0.34129605
vn -0.9039121 -0.25779805 0.34129605
vn -0.9039121 -0.25779805 0.34129605
vn -0.7571624 -0.44602823 -0.47724622
vn -0.7571624 -0.44602823 -0.47724622
vn -0.7571624 -0.44602823 -0.47724622
vn 0.9899312 0.063813016 0.12634903
vn 0.9899312 0.063813016 0.12634903
vn 0.9899312 0.063813016 0.12634903
vn -0.9341585 -0.35680482 -0.0061809965
vn -0.9341585 -0.35680482 -0.0061809965
vn -0.9341585 -0.35680482 -0.0061809965
vn -0.45179996 -0.108913995 0.88544595
vn -0.45179996 -0.108913995 0.88544595
vn -0.45179996 -0.108913995 0.88544595
vn 0.86850005 0.071508005 -0.49050406
vn 0.86850005 0.071508005 -0.49050406
vn 0.86850005 0.071508005 -0.49050406
vn -0.61341405 -0.175135 -0.77009803
vn -0.61341405 -0.175135 -0.77009803
vn -0.61341405 -0.175135 -0.77009803
vn -0.8935607 -0.44656086 -0.046180986
vn -0.8935607 -0.44656086 -0.046180986
vn -0.8935607 -0.44656086 -0.046180986
vn 0.94192064 0.06399997 0.3296809
vn 0.94192064 0.06399997 0.3296809
vn 0.94192064 0.06399997 0.3296809
vn 0.7728851 -0.048522007 -0.6326881
vn 0.7728851 -0.048522007 -0.6326881
vn 0.7728851 -0.048522007 -0.6326881
vn 0.665698 0.189511 -0.721756
vn 0.665698 0.189511 -0.721756
vn 0.665698 0.189511 -0.721756
vn 0.91949093 0.16746499 0.35565698
vn 0.91949093 0.16746499 0.35565698
vn 0.91949093 0.16746499 0.35565698
vn 0.04450998 0.11228595 0.9926786
vn 0.04450998 0.11228595 0.9926786
vn 0.04450998 0.11228595 0.9926786
vn -0.66604614 -0.10554102 0.7384061
vn -0.66604614 -0.10554102 0.7384061
vn -0.66604614 -0.10554102 0.7384061
vn -0.66604614 -0.10554102 0.7384061
vn -0.6122726 -0.1857539 -0.76851654
vn -0.6122726 -0.1857539 -0.76851654
vn -0.6122726 -0.1857539 -0.76851654
vn 0.83358467 0.12206695 -0.5387358
vn 0.83358467 0.12206695 -0.5387358
vn 0.83358467 0.12206695 -0.5387358
vn -0.9815942 -0.18088304 -0.06127101
vn -0.9815942 -0.18088304 -0.06127101
vn -0.9815942 -0.18088304 -0.06127101
vn -0.9815942 -0.18088304 -0.06127101
vn 0.9059411 0.34767705 0.24164303
vn 0.9059411 0.34767705 0.24164303
vn 0.9059411 0.34767705 0.24164303
vn -0.06061601 0.40500006 0.9123051
vn -0.06061601 0.40500006 0.9123051
vn -0.06061601 0.40500006 0.9123051
vn -0.820275 0.121314004 0.558956
vn -0.820275 0.121314004 0.558956
vn -0.820275 0.121314004 0.558956
vn -0.820275 0.121314004 0.558956
vn -0.42840907 -0.33470005 -0.83931017
vn -0.42840907 -0.33470005 -0.83931017
vn -0.42840907 -0.33470005 -0.83931017
vn 0.76982695 0.196742 -0.60717297
vn 0.76982695 0.196742 -0.60717297
vn 0.76982695 0.196742 -0.60717297
vn 0.76982695 0.196742 -0.60717297
vn -0.9804437 -0.10915497 -0.16375394
vn -0.9804437 -0.10915497 -0.16375394
vn -0.9804437 -0.10915497 -0.16375394
vn -0.9804437 -0.10915497 -0.16375394
vn -0.90428215 -0.25723803 0.34073806
vn -0.90428215 -0.25723803 0.34073806
vn -0.90428215 -0.25723803 0.34073806
vn -0.9092079 -0.23516697 0.34356594
vn -0.9092079 -0.23516697 0.34356594
vn -0.9092079 -0.23516697 0.34356594
vn 0.21497306 0.056551017 0.9749813
vn 0.21497306 0.056551017 0.9749813
vn 0.21497306 0.056551017 0.9749813
vn 0.19742207 0.18956207 -0.9618164
vn 0.19742207 0.18956207 -0.9618164
vn 0.19742207 0.18956207 -0.9618164
vn 0.4438629 0.055862986 -0.8943518
vn 0.4438629 0.055862986 -0.8943518
vn 0.4438629 0.055862986 -0.8943518
vn 0.4716129 -0.22494495 -0.8526318
vn 0.4716129 -0.22494495 -0.8526318
vn 0.4716129 -0.22494495 -0.8526318
vn 0.2893999 0.116080955 -0.95014364
vn 0.2893999 0.116080955 -0.95014364
vn 0.2893999 0.116080955 -0.95014364
vn 0.12497301 0.025042001 -0.99184406
vn 0.12497301 0.025042001 -0.99184406
vn 0.12497301 0.025042001 -0.99184406
vn -0.5032213 0.051887028 -0.8625985
vn -0.5032213 0.051887028 -0.8625985
vn -0.5032213 0.051887028 -0.8625985
vn 0.3851901 -0.18480705 -0.9041432
vn 0.3851901 -0.18480705 -0.9041432
vn 0.3851901 -0.18480705 -0.9041432
vn 0.94459504 0.25817302 0.202699
vn 0.94459504 0.25817302 0.202699
vn 0.94459504 0.25817302 0.202699
vn 0.8280528 0.13771598 -0.5434729
vn 0.8280528 0.13771598 -0.5434729
vn 0.8280528 0.13771598 -0.5434729
vn 0.8280528 0.13771598 -0.5434729
vn -0.15977092 -0.104488954 0.9816085
vn -0.15977092 -0.104488954 0.9816085
vn -0.15977092 -0.104488954 0.9816085
vn -0.07654497 -0.13981494 0.98721457
vn -0.07654497 -0.13981494 0.98721457
vn -0.07654497 -0.13981494 0.98721457
vn -0.07654497 -0.13981494 0.98721457
vn 0.24479811 -0.32381514 0.9139024
vn 0.24479811 -0.32381514 0.9139024
vn 0.24479811 -0.32381514 0.9139024
vn 0.05380101 0.074037015 0.9958032
vn 0.05380101 0.074037015 0.9958032
vn 0.05380101 0.074037015 0.9958032
vn 0.02551899 -0.2720609 0.9619416
vn 0.02551899 -0.2720609 0.9619416
vn 0.02551899 -0.2720609 0.9619416
vn 0.8257879 0.24053296 0.5101159
vn 0.8257879 0.24053296 0.5101159
vn 0.8257879 0.24053296 0.5101159
vn -0.18955107 -0.17728907 -0.96573234
vn -0.18955107 -0.17728907 -0.96573234
vn -0.18955107 -0.17728907 -0.96573234
vn 0.14170504 0.052112017 0.9885363
vn 0.14170504 0.052112017 0.9885363
vn 0.14170504 0.052112017 0.9885363
vn 0.85613424 0.4047981 0.32120508
vn 0.85613424 0.4047981 0.32120508
vn 0.85613424 0.4047981 0.32120508
vn 0.45118204 -0.09120601 -0.8877591
vn 0.45118204 -0.09120601 -0.8877591
vn 0.45118204 -0.09120601 -0.8877591
vn 0.22247197 0.09779499 -0.97002184
vn 0.22247197 0.09779499 -0.97002184
vn 0.22247197 0.09779499 -0.97002184
vn 0.77215993 -0.007997999 -0.63537794
vn 0.77215993 -0.007997999 -0.63537794
vn 0.77215993 -0.007997999 -0.63537794
vn 0.67827135 0.28003615 -0.67935836
vn 0.67827135 0.28003615 -0.67935836
vn 0.67827135 0.28003615 -0.67935836
vn 0.27718493 0.26185593 -0.92444575
vn 0.27718493 0.26185593 -0.92444575
vn 0.27718493 0.26185593 -0.92444575
vn -0.06448898 0.40004084 0.91422564
vn -0.06448898 0.40004084 0.91422564
vn -0.06448898 0.40004084 0.91422564
vn 0.8981607 -0.17161494 -0.40479088
vn 0.8981607 -0.17161494 -0.40479088
vn 0.8981607 -0.17161494 -0.40479088
vn 0.8673657 -0.06639198 0.49322286
vn 0.8673657 -0.06639198 0.49322286
vn 0.8673657 -0.06639198 0.49322286
vn -0.91945666 -0.39272684 -0.019107992
vn -0.91945666 -0.39272684 -0.019107992
vn -0.91945666 -0.39272684 -0.019107992
vn -0.47996315 -0.49606314 -0.7235722
vn -0.47996315 -0.49606314 -0.7235722
vn -0.47996315 -0.49606314 -0.7235722
vn -0.6192723 -0.17044808 -0.7664524
vn -0.6192723 -0.17044808 -0.7664524
vn -0.6192723 -0.17044808 -0.7664524
vn 0.30072483 -0.2050069 -0.9314165
vn 0.30072483 -0.2050069 -0.9314165
vn 0.30072483 -0.2050069 -0.9314165
vn 0.9987748 -0.029387996 0.039813995
vn 0.9987748 -0.029387996 0.039813995
vn 0.9987748 -0.029387996 0.039813995
vn -0.9407863 -0.2920321 0.17215805
vn -0.9407863 -0.2920321 0.17215805
vn -0.9407863 -0.2920321 0.17215805
vn 0.61367613 0.10688202 -0.78229016
vn 0.61367613 0.10688202 -0.78229016
vn 0.61367613 0.10688202 -0.78229016
vn 0.61367613 0.10688202 -0.78229016
vn 0.078518964 -0.14556094 -0.9862286
vn 0.078518964 -0.14556094 -0.9862286
vn 0.078518964 -0.14556094 -0.9862286
vn -0.8098682 -0.16844204 0.5619081
vn -0.8098682 -0.16844204 0.5619081
vn -0.8098682 -0.16844204 0.5619081
vn -0.5055209 -0.14469697 0.85059476
vn -0.5055209 -0.14469697 0.85059476
vn -0.5055209 -0.14469697 0.85059476
vn -0.5055209 -0.14469697 0.85059476
vn -0.3851581 -0.065472014 0.9205252
vn -0.3851581 -0.065472014 0.9205252
vn -0.3851581 -0.065472014 0.9205252
vn 0.8837629 0.13654098 -0.44757095
vn 0.8837629 0.13654098 -0.44757095
vn 0.8837629 0.13654098 -0.44757095
vn 0.8837629 0.13654098 -0.44757095
vn 0.3375079 0.17406695 0.9250887
vn 0.3375079 0.17406695 0.9250887
vn 0.3375079 0.17406695 0.9250887
vn 0.9139097 0.20758893 0.34882087
vn 0.9139097 0.20758893 0.34882087
vn 0.9139097 0.20758893 0.34882087
vn 0.9139097 0.20758893 0.34882087
vn 0.9035606 0.09709095 -0.4173148
vn 0.9035606 0.09709095 -0.4173148
vn 0.9035606 0.09709095 -0.4173148
vn 0.9035606 0.09709095 -0.4173148
vn 0.60392404 -0.103487 -0.790295
vn 0.60392404 -0.103487 -0.790295
vn 0.60392404 -0.103487 -0.790295
vn 0.60392404 -0.103487 -0.790295
vn -0.010444996 -0.32000688 -0.94735765
vn -0.010444996 -0.32000688 -0.94735765
vn -0.010444996 -0.32000688 -0.94735765
vn -0.155185 -0.540522 -0.826894
vn -0.155185 -0.540522 -0.826894
vn -0.155185 -0.540522 -0.826894
vn 0.09940096 -0.39559385 -0.9130306
vn 0.09940096 -0.39559385 -0.9130306
vn 0.09940096 -0.39559385 -0.9130306
vn 0.108076006 -0.22601001 0.9681111
vn 0.108076006 -0.22601001 0.9681111
vn 0.108076006 -0.22601001 0.9681111
vn 0.26336396 0.86188185 0.43335792
vn 0.26336396 0.86188185 0.43335792
vn 0.26336396 0.86188185 0.43335792
vn 0.26336396 0.86188185 0.43335792
vn 0.33352602 -0.85317904 -0.40105602
vn 0.33352602 -0.85317904 -0.40105602
vn 0.33352602 -0.85317904 -0.40105602
vn 0.28247994 -0.24692693 -0.9269478
vn 0.28247994 -0.24692693 -0.9269478
vn 0.28247994 -0.24692693 -0.9269478
vn 0.28247994 -0.24692693 -0.9269478
vn 0.28674686 0.95796955 0.008404995
vn 0.28674686 0.95796955 0.008404995
vn 0.28674686 0.95796955 0.008404995
vn 0.32756197 0.7033509 -0.6308729
vn 0.32756197 0.7033509 -0.6308729
vn 0.32756197 0.7033509 -0.6308729
vn 0.32756197 0.7033509 -0.6308729
vn 0.9946127 0.07947398 0.06655398
vn 0.9946127 0.07947398 0.06655398
vn 0.9946127 0.07947398 0.06655398
vn 0.9206216 0.16041893 0.35597983
vn 0.9206216 0.16041893 0.35597983
vn 0.9206216 0.16041893 0.35597983
vn 0.8087491 -0.29087904 0.51118904
vn 0.8087491 -0.29087904 0.51118904
vn 0.8087491 -0.29087904 0.51118904
vn 0.939288 -0.30769202 0.151867
vn 0.939288 -0.30769202 0.151867
vn 0.939288 -0.30769202 0.151867
vn 0.36348498 0.28445798 0.887109
vn 0.36348498 0.28445798 0.887109
vn 0.36348498 0.28445798 0.887109
vn 0.36348498 0.28445798 0.887109
vn 0.4271837 -0.1329599 0.8943354
vn 0.4271837 -0.1329599 0.8943354
vn 0.4271837 -0.1329599 0.8943354
vn 0.20744793 -0.17383595 0.9626767
vn 0.20744793 -0.17383595 0.9626767
vn 0.20744793 -0.17383595 0.9626767
vn 0.5410048 -0.7797727 0.31506887
vn 0.5410048 -0.7797727 0.31506887
vn 0.5410048 -0.7797727 0.31506887
vn 0.31315592 -0.6392338 0.7023628
vn 0.31315592 -0.6392338 0.7023628
vn 0.31315592 -0.6392338 0.7023628
vn 0.41195184 -0.2347839 0.8804386
vn 0.41195184 -0.2347839 0.8804386
vn 0.41195184 -0.2347839 0.8804386
vn 0.41195184 -0.2347839 0.8804386
vn 0.9347919 0.21722397 0.28102997
vn 0.9347919 0.21722397 0.28102997
vn 0.9347919 0.21722397 0.28102997
vn 0.293698 0.149703 0.944103
vn 0.293698 0.149703 0.944103
vn 0.293698 0.149703 0.944103
vn 0.44889915 -0.36278912 0.8166233
vn 0.44889915 -0.36278912 0.8166233
vn 0.44889915 -0.36278912 0.8166233
vn 0.5205879 -0.84198487 0.14159697
vn 0.5205879 -0.84198487 0.14159697
vn 0.5205879 -0.84198487 0.14159697
vn 0.26691705 0.08882602 0.9596172
vn 0.26691705 0.08882602 0.9596172
vn 0.26691705 0.08882602 0.9596172
vn 0.7238449 -0.24417697 0.64531094
vn 0.7238449 -0.24417697 0.64531094
vn 0.7238449 -0.24417697 0.64531094
vn 0.8884211 -0.12873402 0.44060805
vn 0.8884211 -0.12873402 0.44060805
vn 0.8884211 -0.12873402 0.44060805
vn 0.4143249 -0.027357994 0.9097178
vn 0.4143249 -0.027357994 0.9097178
vn 0.4143249 -0.027357994 0.9097178
vn 0.6587477 0.42056578 0.6238397
vn 0.6587477 0.42056578 0.6238397
vn 0.6587477 0.42056578 0.6238397
vn 0.64459306 0.627726 0.43641704
vn 0.64459306 0.627726 0.43641704
vn 0.64459306 0.627726 0.43641704
vn 0.7198387 0.038305983 0.69308364
vn 0.7198387 0.038305983 0.69308364
vn 0.7198387 0.038305983 0.69308364
vn 0.8898508 -0.4278979 0.15833196
vn 0.8898508 -0.4278979 0.15833196
vn 0.8898508 -0.4278979 0.15833196
vn 0.8531371 -0.50215906 -0.14139801
vn 0.8531371 -0.50215906 -0.14139801
vn 0.8531371 -0.50215906 -0.14139801
vn 0.80657274 -0.3019779 0.5081828
vn 0.80657274 -0.3019779 0.5081828
vn 0.80657274 -0.3019779 0.5081828
vn 0.9070687 0.03044999 0.41987988
vn 0.9070687 0.03044999 0.41987988
vn 0.9070687 0.03044999 0.41987988
vn 0.9746128 -0.09682998 0.20187595
vn 0.9746128 -0.09682998 0.20187595
vn 0.9746128 -0.09682998 0.20187595
vn 0.5747211 0.29435903 0.7635761
vn 0.5747211 0.29435903 0.7635761
vn 0.5747211 0.29435903 0.7635761
vn 0.8545258 -0.26458693 0.4469669
vn 0.8545258 -0.26458693 0.4469669
vn 0.8545258 -0.26458693 0.4469669
vn 0.79369086 -0.35310796 0.49534792
vn 0.79369086 -0.35310796 0.49534792
vn 0.79369086 -0.35310796 0.49534792
vn 0.33458203 -0.22412303 0.91532713
vn 0.33458203 -0.22412303 0.91532713
vn 0.33458203 -0.22412303 0.91532713
vn 0.8740506 -0.46378782 0.14469394
vn 0.8740506 -0.46378782 0.14469394
vn 0.8740506 -0.46378782 0.14469394
vn 0.7470023 -0.2525801 0.61497223
vn 0.7470023 -0.2525801 0.61497223
vn 0.7470023 -0.2525801 0.61497223
vn 0.7698212 0.052856017 0.6360672
vn 0.7698212 0.052856017 0.6360672
vn 0.7698212 0.052856017 0.6360672
vn 0.7698212 0.052856017 0.6360672
vn 0.92982346 -0.03526998 0.3663118
vn 0.92982346 -0.03526998 0.3663118
vn 0.92982346 -0.03526998 0.3663118
vn 0.25084013 0.3797982 0.89041144
vn 0.25084013 0.3797982 0.89041144
vn 0.25084013 0.3797982 0.89041144
vn 0.55088097 -0.107157 0.827676
vn 0.55088097 -0.107157 0.827676
vn 0.55088097 -0.107157 0.827676
vn 0.43592697 -0.30901697 0.84526694
vn 0.43592697 -0.30901697 0.84526694
vn 0.43592697 -0.30901697 0.84526694
vn 0.9206702 0.25578207 0.29485908
vn 0.9206702 0.25578207 0.29485908
vn 0.9206702 0.25578207 0.29485908
vn 0.62357485 0.17013095 0.7630268
vn 0.62357485 0.17013095 0.7630268
vn 0.62357485 0.17013095 0.7630268
vn 0.16142394 0.044935983 0.9858616
vn 0.16142394 0.044935983 0.9858616
vn 0.16142394 0.044935983 0.9858616
vn 0.4677141 -0.57494414 0.67132914
vn 0.4677141 -0.57494414 0.67132914
vn 0.4677141 -0.57494414 0.67132914
vn 0.7664012 -0.63577116 -0.09178402
vn 0.7664012 -0.63577116 -0.09178402
vn 0.7664012 -0.63577116 -0.09178402
vn -0.16868208 -0.48606926 -0.8574865
vn -0.16868208 -0.48606926 -0.8574865
vn -0.16868208 -0.48606926 -0.8574865
vn -0.16868208 -0.48606926 -0.8574865
vn -0.27033287 0.96137154 -0.051815975
vn -0.27033287 0.96137154 -0.051815975
vn -0.27033287 0.96137154 -0.051815975
vn 0.99405473 -0.10775497 0.015622996
vn 0.99405473 -0.10775497 0.015622996
vn 0.99405473 -0.10775497 0.015622996
vn 0.033584986 0.80518067 -0.5920778
vn 0.033584986 0.80518067 -0.5920778
vn 0.033584986 0.80518067 -0.5920778
vn 0.15651505 -0.21805908 -0.9633033
vn 0.15651505 -0.21805908 -0.9633033
vn 0.15651505 -0.21805908 -0.9633033
vn 0.98476124 -0.16409405 0.057606015
vn 0.98476124 -0.16409405 0.057606015
vn 0.98476124 -0.16409405 0.057606015
vn 0.98476124 -0.16409405 0.057606015
vn 0.2520549 0.24930389 -0.9350486
vn 0.2520549 0.24930389 -0.9350486
vn 0.2520549 0.24930389 -0.9350486
vn 0.2520549 0.24930389 -0.9350486
vn 0.8508538 0.13913198 0.5066459
vn 0.8508538 0.13913198 0.5066459
vn 0.8508538 0.13913198 0.5066459
vn -0.3625079 0.23340395 -0.9022808
vn -0.3625079 0.23340395 -0.9022808
vn -0.3625079 0.23340395 -0.9022808
vn 0.88666755 0.33822381 -0.31531784
vn 0.88666755 0.33822381 -0.31531784
vn 0.88666755 0.33822381 -0.31531784
vn 0.7999687 0.07459597 -0.5953868
vn 0.7999687 0.07459597 -0.5953868
vn 0.7999687 0.07459597 -0.5953868
vn 0.73412985 -0.32949293 -0.59370685
vn 0.73412985 -0.32949293 -0.59370685
vn 0.73412985 -0.32949293 -0.59370685
vn 0.74852115 0.6573211 0.08743601
vn 0.74852115 0.6573211 0.08743601
vn 0.74852115 0.6573211 0.08743601
vn 0.800289 0.519484 -0.299456
vn 0.800289 0.519484 -0.299456
vn 0.800289 0.519484 -0.299456
vn 0.7106882 -0.56668913 -0.4168761
vn 0.7106882 -0.56668913 -0.4168761
vn 0.7106882 -0.56668913 -0.4168761
vn 0.7362089 -0.34706497 -0.58098394
vn 0.7362089 -0.34706497 -0.58098394
vn 0.7362089 -0.34706497 -0.58098394
vn 0.33978397 0.45990095 0.8203889
vn 0.33978397 0.45990095 0.8203889
vn 0.33978397 0.45990095 0.8203889
vn 0.33978397 0.45990095 0.8203889
vn 0.45036617 -0.2568701 0.8550953
vn 0.45036617 -0.2568701 0.8550953
vn 0.45036617 -0.2568701 0.8550953
vn 0.7272273 -0.47858116 -0.49203718
vn 0.7272273 -0.47858116 -0.49203718
vn 0.7272273 -0.47858116 -0.49203718
vn 0.9321121 0.28021204 0.22945203
vn 0.9321121 0.28021204 0.22945203
vn 0.9321121 0.28021204 0.22945203
vn 0.79066724 -0.074339025 0.6077162
vn 0.79066724 -0.074339025 0.6077162
vn 0.79066724 -0.074339025 0.6077162
vn 0.41641003 -0.28072202 0.86475307
vn 0.41641003 -0.28072202 0.86475307
vn 0.41641003 -0.28072202 0.86475307
vn 0.604028 -0.058651 0.794802
vn 0.604028 -0.058651 0.794802
vn 0.604028 -0.058651 0.794802
vn 0.8386876 -0.51518977 0.17658591
vn 0.8386876 -0.51518977 0.17658591
vn 0.8386876 -0.51518977 0.17658591
vn 0.31638387 -0.9252856 -0.20915991
vn 0.31638387 -0.9252856 -0.20915991
vn 0.31638387 -0.9252856 -0.20915991
vn 0.44584218 -0.84173536 -0.30447713
vn 0.44584218 -0.84173536 -0.30447713
vn 0.44584218 -0.84173536 -0.30447713
vn 0.17449506 -0.8761273 -0.44939116
vn 0.17449506 -0.8761273 -0.44939116
vn 0.17449506 -0.8761273 -0.44939116
vn 0.17743197 -0.9156819 -0.36061695
vn 0.17743197 -0.9156819 -0.36061695
vn 0.17743197 -0.9156819 -0.36061695
vn 0.38167906 -0.7728541 0.5069691
vn 0.38167906 -0.7728541 0.5069691
vn 0.38167906 -0.7728541 0.5069691
vn 0.79972565 -0.46157482 0.38391083
vn 0.79972565 -0.46157482 0.38391083
vn 0.79972565 -0.46157482 0.38391083
vn 0.79972565 -0.46157482 0.38391083
vn 0.5902776 -0.5536647 0.58739066
vn 0.5902776 -0.5536647 0.58739066
vn 0.5902776 -0.5536647 0.58739066
vn 0.612378 -0.084456 0.78604096
vn 0.612378 -0.084456 0.78604096
vn 0.612378 -0.084456 0.78604096
vn 0.6969192 -0.016263004 0.7169652
vn 0.6969192 -0.016263004 0.7169652
vn 0.6969192 -0.016263004 0.7169652
vn 0.9243652 -0.015516004 0.3811931
vn 0.9243652 -0.015516004 0.3811931
vn 0.9243652 -0.015516004 0.3811931
vn 0.9243652 -0.015516004 0.3811931
vn 0.87847877 -0.013804996 -0.4775819
vn 0.87847877 -0.013804996 -0.4775819
vn 0.87847877 -0.013804996 -0.4775819
vn 0.87847877 -0.013804996 -0.4775819
vn 0.33062893 -0.12976697 -0.9347968
vn 0.33062893 -0.12976697 -0.9347968
vn 0.33062893 -0.12976697 -0.9347968
vn 0.33062893 -0.12976697 -0.9347968
vn -0.10735199 -0.42497495 -0.8988169
vn -0.10735199 -0.42497495 -0.8988169
vn -0.10735199 -0.42497495 -0.8988169
vn -0.10735199 -0.42497495 -0.8988169
vn 0.56918395 -0.27825198 -0.77369595
vn 0.56918395 -0.27825198 -0.77369595
vn 0.56918395 -0.27825198 -0.77369595
vn 0.56918395 -0.27825198 -0.77369595
vn 0.82457185 -0.5557309 0.10603998
vn 0.82457185 -0.5557309 0.10603998
vn 0.82457185 -0.5557309 0.10603998
vn 0.82457185 -0.5557309 0.10603998
vn 0.55312425 -0.6622313 0.50547326
vn 0.55312425 -0.6622313 0.50547326
vn 0.55312425 -0.6622313 0.50547326
vn 0.55312425 -0.6622313 0.50547326
vn -0.43017676 -0.69844466 0.5719467
vn -0.43017676 -0.69844466 0.5719467
vn -0.43017676 -0.69844466 0.5719467
vn -0.43017676 -0.69844466 0.5719467
vn -0.8188722 -0.5520502 0.15712704
vn -0.8188722 -0.5520502 0.15712704
vn -0.8188722 -0.5520502 0.15712704
vn -0.9826378 -0.082900986 -0.16598298
vn -0.9826378 -0.082900986 -0.16598298
vn -0.9826378 -0.082900986 -0.16598298
vn -0.89258105 0.09267501 -0.44126004
vn -0.89258105 0.09267501 -0.44126004
vn -0.89258105 0.09267501 -0.44126004
vn -0.89258105 0.09267501 -0.44126004
vn -0.8070237 0.31664088 -0.49844885
vn -0.8070237 0.31664088 -0.49844885
vn -0.8070237 0.31664088 -0.49844885
vn -0.6437789 -0.7643839 -0.035579994
vn -0.6437789 -0.7643839 -0.035579994
vn -0.6437789 -0.7643839 -0.035579994
vn -0.71539056 -0.3479518 -0.6059256
vn -0.71539056 -0.3479518 -0.6059256
vn -0.71539056 -0.3479518 -0.6059256
vn -0.58948296 -0.061595995 0.8054289
vn -0.58948296 -0.061595995 0.8054289
vn -0.58948296 -0.061595995 0.8054289
vn -0.58948296 -0.061595995 0.8054289
vn 0.6508351 0.042723008 0.7580161
vn 0.6508351 0.042723008 0.7580161
vn 0.6508351 0.042723008 0.7580161
vn 0.6508351 0.042723008 0.7580161
vn 0.94992757 0.2778099 0.14303593
vn 0.94992757 0.2778099 0.14303593
vn 0.94992757 0.2778099 0.14303593
vn 0.91066396 -0.392528 0.12889099
vn 0.91066396 -0.392528 0.12889099
vn 0.91066396 -0.392528 0.12889099
vn 0.9627829 -0.19514099 0.18699999
vn 0.9627829 -0.19514099 0.18699999
vn 0.9627829 -0.19514099 0.18699999
vn 0.96803486 0.18157397 0.17302997
vn 0.96803486 0.18157397 0.17302997
vn 0.96803486 0.18157397 0.17302997
vn 0.502673 0.199394 -0.841167
vn 0.502673 0.199394 -0.841167
vn 0.502673 0.199394 -0.841167
vn -0.48347995 -0.57259196 0.66210693
vn -0.48347995 -0.57259196 0.66210693
vn -0.48347995 -0.57259196 0.66210693
vn -0.9202257 -0.35464486 0.16556494
vn -0.9202257 -0.35464486 0.16556494
vn -0.9202257 -0.35464486 0.16556494
vn -0.95378786 -0.15100698 0.25977996
vn -0.95378786 -0.15100698 0.25977996
vn -0.95378786 -0.15100698 0.25977996
vn 0.50273293 -0.27295095 -0.8202179
vn 0.50273293 -0.27295095 -0.8202179
vn 0.50273293 -0.27295095 -0.8202179
vn 0.57811195 0.43959898 -0.68741494
vn 0.57811195 0.43959898 -0.68741494
vn 0.57811195 0.43959898 -0.68741494
vn -0.5412491 -0.07268301 0.8377151
vn -0.5412491 -0.07268301 0.8377151
vn -0.5412491 -0.07268301 0.8377151
vn -0.5412491 -0.07268301 0.8377151
vn -0.97846836 -0.13259804 0.15816906
vn -0.97846836 -0.13259804 0.15816906
vn -0.97846836 -0.13259804 0.15816906
vn -0.97846836 -0.13259804 0.15816906
vn -0.903571 -0.125481 -0.409651
vn -0.903571 -0.125481 -0.409651
vn -0.903571 -0.125481 -0.409651
vn -0.903571 -0.125481 -0.409651
vn -0.019697994 -0.08349297 -0.9963137
vn -0.019697994 -0.08349297 -0.9963137
vn -0.019697994 -0.08349297 -0.9963137
vn -0.019697994 -0.08349297 -0.9963137
vn 0.64768416 0.026722006 -0.7614402
vn 0.64768416 0.026722006 -0.7614402
vn 0.64768416 0.026722006 -0.7614402
vn 0.64768416 0.026722006 -0.7614402
vn 0.94635075 0.0051699984 0.3230999
vn 0.94635075 0.0051699984 0.3230999
vn 0.94635075 0.0051699984 0.3230999
vn 0.94635075 0.0051699984 0.3230999
vn 0.6255886 0.0139469905 0.78002846
vn 0.6255886 0.0139469905 0.78002846
vn 0.6255886 0.0139469905 0.78002846
vn 0.6255886 0.0139469905 0.78002846
vn 0.4305578 -0.17447491 0.8855385
vn 0.4305578 -0.17447491 0.8855385
vn 0.4305578 -0.17447491 0.8855385
vn 0.5348228 -0.22845691 0.8134937
vn 0.5348228 -0.22845691 0.8134937
vn 0.5348228 -0.22845691 0.8134937
vn 0.29496798 -0.18426298 -0.9375719
vn 0.29496798 -0.18426298 -0.9375719
vn 0.29496798 -0.18426298 -0.9375719
vn 0.043780014 0.43360415 -0.9000393
vn 0.043780014 0.43360415 -0.9000393
vn 0.043780014 0.43360415 -0.9000393
vn 0.8011752 -0.25207704 0.5427481
vn 0.8011752 -0.25207704 0.5427481
vn 0.8011752 -0.25207704 0.5427481
vn -0.9301039 -0.21092898 0.30069196
vn -0.9301039 -0.21092898 0.30069196
vn -0.9301039 -0.21092898 0.30069196
vn -0.71808964 -0.69404566 0.051457975
vn -0.71808964 -0.69404566 0.051457975
vn -0.71808964 -0.69404566 0.051457975
vn -0.71808964 -0.69404566 0.051457975
vn -0.152801 0.07972301 0.9850361
vn -0.152801 0.07972301 0.9850361
vn -0.152801 0.07972301 0.9850361
vn -0.467034 -0.074492 -0.881096
vn -0.467034 -0.074492 -0.881096
vn -0.467034 -0.074492 -0.881096
vn 0.9680448 -0.08124498 0.23725195
vn 0.9680448 -0.08124498 0.23725195
vn 0.9680448 -0.08124498 0.23725195
vn 0.9680448 -0.08124498 0.23725195
vn 0.41576487 -0.8268337 -0.37879488
vn 0.41576487 -0.8268337 -0.37879488
vn 0.41576487 -0.8268337 -0.37879488
vn 0.41576487 -0.8268337 -0.37879488
vn -0.5056318 -0.0053759976 -0.86273265
vn -0.5056318 -0.0053759976 -0.86273265
vn -0.5056318 -0.0053759976 -0.86273265
vn -0.7474509 -0.6627689 -0.04532799
vn -0.7474509 -0.6627689 -0.04532799
vn -0.7474509 -0.6627689 -0.04532799
vn -0.7474509 -0.6627689 -0.04532799
vn -0.9394611 -0.29935703 0.16672802
vn -0.9394611 -0.29935703 0.16672802
vn -0.9394611 -0.29935703 0.16672802
vn -0.19547795 0.16454495 0.96680576
vn -0.19547795 0.16454495 0.96680576
vn -0.19547795 0.16454495 0.96680576
vn 0.83315516 -0.18944404 -0.51958007
vn 0.83315516 -0.18944404 -0.51958007
vn 0.83315516 -0.18944404 -0.51958007
vn 0.04524998 0.57986975 0.81345165
vn 0.04524998 0.57986975 0.81345165
vn 0.04524998 0.57986975 0.81345165
vn -0.8738257 0.3764659 0.3077369
vn -0.8738257 0.3764659 0.3077369
vn -0.8738257 0.3764659 0.3077369
vn -0.38921112 0.7010722 0.5975052
vn -0.38921112 0.7010722 0.5975052
vn -0.38921112 0.7010722 0.5975052
vn 0.97865707 0.17186701 0.11265901
vn 0.97865707 0.17186701 0.11265901
vn 0.97865707 0.17186701 0.11265901
vn -0.8222824 0.31230578 0.47572765
vn -0.8222824 0.31230578 0.47572765
vn -0.8222824 0.31230578 0.47572765
vn 0.34726614 0.16720206 0.92274034
vn 0.34726614 0.16720206 0.92274034
vn 0.34726614 0.16720206 0.92274034
vn 0.87823105 0.15308501 -0.45307302
vn 0.87823105 0.15308501 -0.45307302
vn 0.87823105 0.15308501 -0.45307302
vn -0.21983695 -0.7960038 -0.5639589
vn -0.21983695 -0.7960038 -0.5639589
vn -0.21983695 -0.7960038 -0.5639589
vn -0.9020978 -0.09027698 -0.4219829
vn -0.9020978 -0.09027698 -0.4219829
vn -0.9020978 -0.09027698 -0.4219829
vn -0.9288987 -0.13572095 -0.3445679
vn -0.9288987 -0.13572095 -0.3445679
vn -0.9288987 -0.13572095 -0.3445679
vn 0.93047327 0.30572408 0.20187205
vn 0.93047327 0.30572408 0.20187205
vn 0.93047327 0.30572408 0.20187205
vn 0.41725808 -0.120475024 0.90076715
vn 0.41725808 -0.120475024 0.90076715
vn 0.41725808 -0.120475024 0.90076715
vn 0.41725808 -0.120475024 0.90076715
vn 0.836928 0.22824101 0.497451
vn 0.836928 0.22824101 0.497451
vn 0.836928 0.22824101 0.497451
vn 0.9226769 0.022481998 0.38491797
vn 0.9226769 0.022481998 0.38491797
vn 0.9226769 0.022481998 0.38491797
vn -0.953788 -0.151006 0.25978
vn -0.953788 -0.151006 0.25978
vn -0.953788 -0.151006 0.25978
vn -0.8741611 0.26194203 -0.40893605
vn -0.8741611 0.26194203 -0.40893605
vn -0.8741611 0.26194203 -0.40893605
vn -0.87576735 0.10179204 -0.47187918
vn -0.87576735 0.10179204 -0.47187918
vn -0.87576735 0.10179204 -0.47187918
vn 0.6588811 0.17930903 0.7305641
vn 0.6588811 0.17930903 0.7305641
vn 0.6588811 0.17930903 0.7305641
vn 0.6588811 0.17930903 0.7305641
vn -0.5681668 0.10122696 0.8166637
vn -0.5681668 0.10122696 0.8166637
vn -0.5681668 0.10122696 0.8166637
vn -0.5681668 0.10122696 0.8166637
vn -0.032468002 0.21599701 0.97585404
vn -0.032468002 0.21599701 0.97585404
vn -0.032468002 0.21599701 0.97585404
vn 0.48807395 -0.19106798 0.8516319
vn 0.48807395 -0.19106798 0.8516319
vn 0.48807395 -0.19106798 0.8516319
vn 0.53727794 0.33497998 0.77402896
vn 0.53727794 0.33497998 0.77402896
vn 0.53727794 0.33497998 0.77402896
vn 0.9855536 0.10602996 0.13206695
vn 0.9855536 0.10602996 0.13206695
vn 0.9855536 0.10602996 0.13206695
vn 0.9855536 0.10602996 0.13206695
vn 0.9813508 -0.19174196 0.013626996
vn 0.9813508 -0.19174196 0.013626996
vn 0.9813508 -0.19174196 0.013626996
vn -0.9488356 -0.18599093 -0.2551829
vn -0.9488356 -0.18599093 -0.2551829
vn -0.9488356 -0.18599093 -0.2551829
vn -0.8604206 -0.37255782 -0.34767383
vn -0.8604206 -0.37255782 -0.34767383
vn -0.8604206 -0.37255782 -0.34767383
vn 0.50680083 -0.22356693 0.83256876
vn 0.50680083 -0.22356693 0.83256876
vn 0.50680083 -0.22356693 0.83256876
vn 0.50680083 -0.22356693 0.83256876
vn 0.74712867 -0.110477954 -0.6554337
vn 0.74712867 -0.110477954 -0.6554337
vn 0.74712867 -0.110477954 -0.6554337
vn 0.363248 0.010261999 -0.931636
vn 0.363248 0.010261999 -0.931636
vn 0.363248 0.010261999 -0.931636
vn 0.00017200004 -0.25485507 -0.96697927
vn 0.00017200004 -0.25485507 -0.96697927
vn 0.00017200004 -0.25485507 -0.96697927
vn 0.00017200004 -0.25485507 -0.96697927
vn -0.7256702 -0.6841762 -0.07284002
vn -0.7256702 -0.6841762 -0.07284002
vn -0.7256702 -0.6841762 -0.07284002
vn -0.7256702 -0.6841762 -0.07284002
vn 0.96769065 0.08023497 -0.23903391
vn 0.96769065 0.08023497 -0.23903391
vn 0.96769065 0.08023497 -0.23903391
vn 0.96769065 0.08023497 -0.23903391
vn 0.95454335 0.08761003 -0.2849061
vn 0.95454335 0.08761003 -0.2849061
vn 0.95454335 0.08761003 -0.2849061
vn 0.19941503 0.5799051 0.7899011
vn 0.19941503 0.5799051 0.7899011
vn 0.19941503 0.5799051 0.7899011
vn 0.35088918 0.0139210075 -0.9363135
vn 0.35088918 0.0139210075 -0.9363135
vn 0.35088918 0.0139210075 -0.9363135
vn -0.8471803 -0.08695103 -0.5241422
vn -0.8471803 -0.08695103 -0.5241422
vn -0.8471803 -0.08695103 -0.5241422
vn -0.84901625 -0.020724006 -0.5279602
vn -0.84901625 -0.020724006 -0.5279602
vn -0.84901625 -0.020724006 -0.5279602
vn -0.88071173 -0.46892184 0.066776976
vn -0.88071173 -0.46892184 0.066776976
vn -0.88071173 -0.46892184 0.066776976
vn 0.98476726 0.0020820007 -0.17386505
vn 0.98476726 0.0020820007 -0.17386505
vn 0.98476726 0.0020820007 -0.17386505
vn 0.98476726 0.0020820007 -0.17386505
vn 0.9907953 0.014272004 -0.13461405
vn 0.9907953 0.014272004 -0.13461405
vn 0.9907953 0.014272004 -0.13461405
vn -0.748517 -0.66287696 -0.017788
vn -0.748517 -0.66287696 -0.017788
vn -0.748517 -0.66287696 -0.017788
vn -0.748517 -0.66287696 -0.017788
vn 0.99025977 0.13516797 -0.033393994
vn 0.99025977 0.13516797 -0.033393994
vn 0.99025977 0.13516797 -0.033393994
vn 0.999573 0.023622 -0.0172
vn 0.999573 0.023622 -0.0172
vn 0.999573 0.023622 -0.0172
vn 0.9915897 -0.017341996 0.12825397
vn 0.9915897 -0.017341996 0.12825397
vn 0.9915897 -0.017341996 0.12825397
vn -0.21513592 -0.069293976 0.97412264
vn -0.21513592 -0.069293976 0.97412264
vn -0.21513592 -0.069293976 0.97412264
vn -0.50401884 -0.047038987 -0.8624108
vn -0.50401884 -0.047038987 -0.8624108
vn -0.50401884 -0.047038987 -0.8624108
vn -0.50401884 -0.047038987 -0.8624108
vn -0.84181964 0.13822994 0.5217588
vn -0.84181964 0.13822994 0.5217588
vn -0.84181964 0.13822994 0.5217588
vn -0.84181964 0.13822994 0.5217588
vn 0.80070895 -0.52380097 0.29068497
vn 0.80070895 -0.52380097 0.29068497
vn 0.80070895 -0.52380097 0.29068497
vn 0.9477744 0.106146045 0.30076012
vn 0.9477744 0.106146045 0.30076012
vn 0.9477744 0.106146045 0.30076012
vn 0.45233282 0.23860091 0.85933965
vn 0.45233282 0.23860091 0.85933965
vn 0.45233282 0.23860091 0.85933965
vn 0.4992328 0.4694058 0.7283027
vn 0.4992328 0.4694058 0.7283027
vn 0.4992328 0.4694058 0.7283027
vn 0.4992328 0.4694058 0.7283027
vn 0.3835409 -0.21945494 0.89707077
vn 0.3835409 -0.21945494 0.89707077
vn 0.3835409 -0.21945494 0.89707077
vn 0.517595 -0.14356199 0.84349597
vn 0.517595 -0.14356199 0.84349597
vn 0.517595 -0.14356199 0.84349597
vn 0.37945905 -0.11952802 0.91745514
vn 0.37945905 -0.11952802 0.91745514
vn 0.37945905 -0.11952802 0.91745514
vn 0.446167 -0.31520298 0.837605
vn 0.446167 -0.31520298 0.837605
vn 0.446167 -0.31520298 0.837605
vn 0.446167 -0.31520298 0.837605
vn 0.482883 -0.553569 0.67851704
vn 0.482883 -0.553569 0.67851704
vn 0.482883 -0.553569 0.67851704
vn 0.482883 -0.553569 0.67851704
vn 0.41483024 -0.16743709 0.8943605
vn 0.41483024 -0.16743709 0.8943605
vn 0.41483024 -0.16743709 0.8943605
vn 0.47419992 0.24659796 0.8451768
vn 0.47419992 0.24659796 0.8451768
vn 0.47419992 0.24659796 0.8451768
vn 0.22983995 -0.9688918 0.09177298
vn 0.22983995 -0.9688918 0.09177298
vn 0.22983995 -0.9688918 0.09177298
vn 0.3945529 -0.103929974 0.91297674
vn 0.3945529 -0.103929974 0.91297674
vn 0.3945529 -0.103929974 0.91297674
vn 0.81269187 -0.29524297 0.50235796
vn 0.81269187 -0.29524297 0.50235796
vn 0.81269187 -0.29524297 0.50235796
vn 0.39548397 -0.548351 0.73682
vn 0.39548397 -0.548351 0.73682
vn 0.39548397 -0.548351 0.73682
vn 0.21961412 -0.61526334 0.7571134
vn 0.21961412 -0.61526334 0.7571134
vn 0.21961412 -0.61526334 0.7571134
vn 0.91287804 -0.028590001 -0.40723002
vn 0.91287804 -0.028590001 -0.40723002
vn 0.91287804 -0.028590001 -0.40723002
vn 0.24605007 0.9686963 0.03296801
vn 0.24605007 0.9686963 0.03296801
vn 0.24605007 0.9686963 0.03296801
vn 0.9778268 -0.08378998 0.19192195
vn 0.9778268 -0.08378998 0.19192195
vn 0.9778268 -0.08378998 0.19192195
vn 0.9962837 -0.085685976 0.008755998
vn 0.9962837 -0.085685976 0.008755998
vn 0.9962837 -0.085685976 0.008755998
vn 0.7194139 -0.20214097 0.66451687
vn 0.7194139 -0.20214097 0.66451687
vn 0.7194139 -0.20214097 0.66451687
vn 0.904749 -0.406402 0.12754099
vn 0.904749 -0.406402 0.12754099
vn 0.904749 -0.406402 0.12754099
vn 0.4680458 0.04346598 0.8826346
vn 0.4680458 0.04346598 0.8826346
vn 0.4680458 0.04346598 0.8826346
vn 0.90646 -0.378435 -0.18739599
vn 0.90646 -0.378435 -0.18739599
vn 0.90646 -0.378435 -0.18739599
vn 0.90646 -0.378435 -0.18739599
vn 0.003548998 -0.033469982 0.9994334
vn 0.003548998 -0.033469982 0.9994334
vn 0.003548998 -0.033469982 0.9994334
vn 0.003548998 -0.033469982 0.9994334
vn -0.95879805 0.058922 0.277911
vn -0.95879805 0.058922 0.277911
vn -0.95879805 0.058922 0.277911
vn -0.95879805 0.058922 0.277911
vn -0.06939202 -0.14731604 -0.98665226
vn -0.06939202 -0.14731604 -0.98665226
vn -0.06939202 -0.14731604 -0.98665226
vn -0.06939202 -0.14731604 -0.98665226
vn 0.072894 -0.16967201 -0.982801
vn 0.072894 -0.16967201 -0.982801
vn 0.072894 -0.16967201 -0.982801
vn 0.072894 -0.16967201 -0.982801
vn 0.9246707 -0.25391293 0.2837469
vn 0.9246707 -0.25391293 0.2837469
vn 0.9246707 -0.25391293 0.2837469
vn 0.9246707 -0.25391293 0.2837469
vn -0.17365304 0.025130006 0.9844862
vn -0.17365304 0.025130006 0.9844862
vn -0.17365304 0.025130006 0.9844862
vn -0.17365304 0.025130006 0.9844862
vn -0.9758508 -0.023732996 -0.21714497
vn -0.9758508 -0.023732996 -0.21714497
vn -0.9758508 -0.023732996 -0.21714497
vn -0.9758508 -0.023732996 -0.21714497
vn -0.98798305 0.115544006 -0.10266001
vn -0.98798305 0.115544006 -0.10266001
vn -0.98798305 0.115544006 -0.10266001
vn -0.98798305 0.115544006 -0.10266001
vn 0.05065198 -0.16629294 -0.9847746
vn 0.05065198 -0.16629294 -0.9847746
vn 0.05065198 -0.16629294 -0.9847746
vn 0.05065198 -0.16629294 -0.9847746
vn 0.9558063 -0.24649808 0.16022804
vn 0.9558063 -0.24649808 0.16022804
vn 0.9558063 -0.24649808 0.16022804
vn 0.9558063 -0.24649808 0.16022804
vn -0.09141797 0.023054993 0.9955457
vn -0.09141797 0.023054993 0.9955457
vn -0.09141797 0.023054993 0.9955457
vn -0.09141797 0.023054993 0.9955457
vn -0.98253405 0.16941202 0.076983005
vn -0.98253405 0.16941202 0.076983005
vn -0.98253405 0.16941202 0.076983005
vn -0.98253405 0.16941202 0.076983005
vn -0.003141001 -0.18359807 -0.9829964
vn -0.003141001 -0.18359807 -0.9829964
vn -0.003141001 -0.18359807 -0.9829964
vn -0.003141001 -0.18359807 -0.9829964
vn 0.92110276 -0.38599288 -0.050785985
vn 0.92110276 -0.38599288 -0.050785985
vn 0.92110276 -0.38599288 -0.050785985
vn 0.92110276 -0.38599288 -0.050785985
vn -0.073597 0.020224 0.997083
vn -0.073597 0.020224 0.997083
vn -0.073597 0.020224 0.997083
vn -0.073597 0.020224 0.997083
vn 0.886157 -0.431862 -0.167991
vn 0.886157 -0.431862 -0.167991
vn 0.886157 -0.431862 -0.167991
vn 0.886157 -0.431862 -0.167991
vn 0.041109994 0.094718985 0.99465483
vn 0.041109994 0.094718985 0.99465483
vn 0.041109994 0.094718985 0.99465483
vn 0.041109994 0.094718985 0.99465483
vn -0.8831097 0.43119985 0.18488894
vn -0.8831097 0.43119985 0.18488894
vn -0.8831097 0.43119985 0.18488894
vn -0.8831097 0.43119985 0.18488894
vn -0.124867 -0.17761 -0.976147
vn -0.124867 -0.17761 -0.976147
vn -0.124867 -0.17761 -0.976147
vn -0.124867 -0.17761 -0.976147
vn 0.037659004 -0.08672701 -0.99552006
vn 0.037659004 -0.08672701 -0.99552006
vn 0.037659004 -0.08672701 -0.99552006
vn 0.037659004 -0.08672701 -0.99552006
vn 0.94443774 -0.24101694 0.22349094
vn 0.94443774 -0.24101694 0.22349094
vn 0.94443774 -0.24101694 0.22349094
vn 0.94443774 -0.24101694 0.22349094
vn -0.18376297 0.10231898 0.9776308
vn -0.18376297 0.10231898 0.9776308
vn -0.18376297 0.10231898 0.9776308
vn -0.18376297 0.10231898 0.9776308
vn -0.9647518 0.26284695 -0.012864997
vn -0.9647518 0.26284695 -0.012864997
vn -0.9647518 0.26284695 -0.012864997
vn -0.9647518 0.26284695 -0.012864997
vn -0.9642428 0.25531596 -0.07105999
vn -0.9642428 0.25531596 -0.07105999
vn -0.9642428 0.25531596 -0.07105999
vn -0.9642428 0.25531596 -0.07105999
vn 0.029421998 -0.079307 -0.996416
vn 0.029421998 -0.079307 -0.996416
vn 0.029421998 -0.079307 -0.996416
vn 0.029421998 -0.079307 -0.996416
vn 0.953159 -0.25507298 0.16256
vn 0.953159 -0.25507298 0.16256
vn 0.953159 -0.25507298 0.16256
vn 0.953159 -0.25507298 0.16256
vn -0.10826195 0.061284974 0.99223155
vn -0.10826195 0.061284974 0.99223155
vn -0.10826195 0.061284974 0.99223155
vn -0.10826195 0.061284974 0.99223155
vn -0.9058096 0.42361578 0.0076619964
vn -0.9058096 0.42361578 0.0076619964
vn -0.9058096 0.42361578 0.0076619964
vn -0.9058096 0.42361578 0.0076619964
vn 0.044202022 -0.09361804 -0.99462646
vn 0.044202022 -0.09361804 -0.99462646
vn 0.044202022 -0.09361804 -0.99462646
vn 0.044202022 -0.09361804 -0.99462646
vn 0.90568405 -0.423916 -0.0056240004
vn 0.90568405 -0.423916 -0.0056240004
vn 0.90568405 -0.423916 -0.0056240004
vn 0.90568405 -0.423916 -0.0056240004
vn -0.06290097 0.07782797 0.9949805
vn -0.06290097 0.07782797 0.9949805
vn -0.06290097 0.07782797 0.9949805
vn -0.06290097 0.07782797 0.9949805
vn -0.8635434 -0.41950718 -0.2798331
vn -0.8635434 -0.41950718 -0.2798331
vn -0.8635434 -0.41950718 -0.2798331
vn 0.7603029 -0.12675199 -0.6370819
vn 0.7603029 -0.12675199 -0.6370819
vn 0.7603029 -0.12675199 -0.6370819
vn 0.74716 -0.659415 -0.083209
vn 0.74716 -0.659415 -0.083209
vn 0.74716 -0.659415 -0.083209
vn 0.74716 -0.659415 -0.083209
vn 0.026011996 0.14687598 0.98881286
vn 0.026011996 0.14687598 0.98881286
vn 0.026011996 0.14687598 0.98881286
vn 0.026011996 0.14687598 0.98881286
vn -0.88350403 0.456625 0.104471005
vn -0.88350403 0.456625 0.104471005
vn -0.88350403 0.456625 0.104471005
vn -0.88350403 0.456625 0.104471005
vn -0.078751035 -0.10982405 -0.9908264
vn -0.078751035 -0.10982405 -0.9908264
vn -0.078751035 -0.10982405 -0.9908264
vn -0.078751035 -0.10982405 -0.9908264
vn 0.023615997 -0.09146899 -0.99552786
vn 0.023615997 -0.09146899 -0.99552786
vn 0.023615997 -0.09146899 -0.99552786
vn 0.023615997 -0.09146899 -0.99552786
vn 0.8581778 -0.47122687 0.20365694
vn 0.8581778 -0.47122687 0.20365694
vn 0.8581778 -0.47122687 0.20365694
vn 0.8581778 -0.47122687 0.20365694
vn -0.22319895 0.17827095 0.9583328
vn -0.22319895 0.17827095 0.9583328
vn -0.22319895 0.17827095 0.9583328
vn -0.22319895 0.17827095 0.9583328
vn -0.9573126 0.28866288 -0.015044994
vn -0.9573126 0.28866288 -0.015044994
vn -0.9573126 0.28866288 -0.015044994
vn -0.9573126 0.28866288 -0.015044994
vn -0.96480393 0.25279197 -0.072454
vn -0.96480393 0.25279197 -0.072454
vn -0.96480393 0.25279197 -0.072454
vn -0.96480393 0.25279197 -0.072454
vn 0.0036250013 -0.07888203 -0.9968774
vn 0.0036250013 -0.07888203 -0.9968774
vn 0.0036250013 -0.07888203 -0.9968774
vn 0.0036250013 -0.07888203 -0.9968774
vn 0.87064064 -0.4721118 0.13818593
vn 0.87064064 -0.4721118 0.13818593
vn 0.87064064 -0.4721118 0.13818593
vn 0.87064064 -0.4721118 0.13818593
vn -0.19391997 0.13033497 0.97232085
vn -0.19391997 0.13033497 0.97232085
vn -0.19391997 0.13033497 0.97232085
vn -0.19391997 0.13033497 0.97232085
vn -0.9082772 0.4183611 0.0025410007
vn -0.9082772 0.4183611 0.0025410007
vn -0.9082772 0.4183611 0.0025410007
vn -0.9082772 0.4183611 0.0025410007
vn 0.0080349995 -0.120473996 -0.99268395
vn 0.0080349995 -0.120473996 -0.99268395
vn 0.0080349995 -0.120473996 -0.99268395
vn 0.0080349995 -0.120473996 -0.99268395
vn 0.778153 -0.62803304 -0.007238
vn 0.778153 -0.62803304 -0.007238
vn 0.778153 -0.62803304 -0.007238
vn 0.778153 -0.62803304 -0.007238
vn -0.13433301 0.14283402 0.98058814
vn -0.13433301 0.14283402 0.98058814
vn -0.13433301 0.14283402 0.98058814
vn -0.13433301 0.14283402 0.98058814
vn -0.40798202 -0.113208 -0.90594405
vn -0.40798202 -0.113208 -0.90594405
vn -0.40798202 -0.113208 -0.90594405
vn -0.40798202 -0.113208 -0.90594405
vn -0.80750674 -0.110912964 0.5793368
vn -0.80750674 -0.110912964 0.5793368
vn -0.80750674 -0.110912964 0.5793368
vn -0.80750674 -0.110912964 0.5793368
vn 0.49733293 -0.06925799 0.8647909
vn 0.49733293 -0.06925799 0.8647909
vn 0.49733293 -0.06925799 0.8647909
vn 0.49733293 -0.06925799 0.8647909
vn 0.6657068 -0.3569729 -0.6552898
vn 0.6657068 -0.3569729 -0.6552898
vn 0.6657068 -0.3569729 -0.6552898
vn 0.8692569 -0.48685396 -0.08582299
vn 0.8692569 -0.48685396 -0.08582299
vn 0.8692569 -0.48685396 -0.08582299
vn -0.003674998 0.06849896 -0.9976444
vn -0.003674998 0.06849896 -0.9976444
vn -0.003674998 0.06849896 -0.9976444
vn -0.97313875 0.04077899 -0.22657895
vn -0.97313875 0.04077899 -0.22657895
vn -0.97313875 0.04077899 -0.22657895
vn 0.14788695 -0.5486468 -0.8228707
vn 0.14788695 -0.5486468 -0.8228707
vn 0.14788695 -0.5486468 -0.8228707
vn -0.90785474 -0.41400388 0.06633698
vn -0.90785474 -0.41400388 0.06633698
vn -0.90785474 -0.41400388 0.06633698
vn -0.93392104 -0.34948802 -0.075164005
vn -0.93392104 -0.34948802 -0.075164005
vn -0.93392104 -0.34948802 -0.075164005
vn 0.48520693 0.5265019 -0.69811887
vn 0.48520693 0.5265019 -0.69811887
vn 0.48520693 0.5265019 -0.69811887
vn 0.30387285 -0.02272299 -0.9524416
vn 0.30387285 -0.02272299 -0.9524416
vn 0.30387285 -0.02272299 -0.9524416
vn -0.029131008 -0.19824106 -0.9797203
vn -0.029131008 -0.19824106 -0.9797203
vn -0.029131008 -0.19824106 -0.9797203
vn -0.7786067 -0.61713177 -0.11366596
vn -0.7786067 -0.61713177 -0.11366596
vn -0.7786067 -0.61713177 -0.11366596
vn 0.47428817 0.24615209 0.8452573
vn 0.47428817 0.24615209 0.8452573
vn 0.47428817 0.24615209 0.8452573
vn 0.912165 0.17905399 0.368639
vn 0.912165 0.17905399 0.368639
vn 0.912165 0.17905399 0.368639
vn 0.6284042 -0.47246012 0.6179722
vn 0.6284042 -0.47246012 0.6179722
vn 0.6284042 -0.47246012 0.6179722
vn 0.72528714 -0.18200603 0.6639521
vn 0.72528714 -0.18200603 0.6639521
vn 0.72528714 -0.18200603 0.6639521
vn 0.41504675 0.8973765 0.14983891
vn 0.41504675 0.8973765 0.14983891
vn 0.41504675 0.8973765 0.14983891
vn 0.28667584 0.9403885 -0.1829929
vn 0.28667584 0.9403885 -0.1829929
vn 0.28667584 0.9403885 -0.1829929
vn 0.77179646 0.25418183 0.5828566
vn 0.77179646 0.25418183 0.5828566
vn 0.77179646 0.25418183 0.5828566
vn 0.90819556 0.02379999 0.41786882
vn 0.90819556 0.02379999 0.41786882
vn 0.90819556 0.02379999 0.41786882
vn 0.9247156 0.12423795 0.35981384
vn 0.9247156 0.12423795 0.35981384
vn 0.9247156 0.12423795 0.35981384
vn 0.9977531 0.030937003 0.059428006
vn 0.9977531 0.030937003 0.059428006
vn 0.9977531 0.030937003 0.059428006
vn 0.9616357 -0.23326392 0.14437696
vn 0.9616357 -0.23326392 0.14437696
vn 0.9616357 -0.23326392 0.14437696
vn 0.80924416 0.5507241 0.20451604
vn 0.80924416 0.5507241 0.20451604
vn 0.80924416 0.5507241 0.20451604
vn 0.9838254 -0.15290806 0.093310036
vn 0.9838254 -0.15290806 0.093310036
vn 0.9838254 -0.15290806 0.093310036
vn 0.95348597 0.26940697 0.13521999
vn 0.95348597 0.26940697 0.13521999
vn 0.95348597 0.26940697 0.13521999
vn -0.63835394 -0.24936998 0.72822994
vn -0.63835394 -0.24936998 0.72822994
vn -0.63835394 -0.24936998 0.72822994
vn -0.9231314 0.36923316 0.107216045
vn -0.9231314 0.36923316 0.107216045
vn -0.9231314 0.36923316 0.107216045
vn -0.6167953 0.36185017 -0.6990193
vn -0.6167953 0.36185017 -0.6990193
vn -0.6167953 0.36185017 -0.6990193
vn 0.07911004 0.28247014 -0.9560085
vn 0.07911004 0.28247014 -0.9560085
vn 0.07911004 0.28247014 -0.9560085
vn 0.07911004 0.28247014 -0.9560085
vn 0.982656 0.087048 0.163737
vn 0.982656 0.087048 0.163737
vn 0.982656 0.087048 0.163737
vn 0.982656 0.087048 0.163737
vn 0.47371677 -0.3836758 0.79270756
vn 0.47371677 -0.3836758 0.79270756
vn 0.47371677 -0.3836758 0.79270756
vn -0.62838185 -0.19469096 0.75314784
vn -0.62838185 -0.19469096 0.75314784
vn -0.62838185 -0.19469096 0.75314784
vn -0.9354884 0.2474211 0.25227812
vn -0.9354884 0.2474211 0.25227812
vn -0.9354884 0.2474211 0.25227812
vn -0.58225715 0.13421804 -0.8018492
vn -0.58225715 0.13421804 -0.8018492
vn -0.58225715 0.13421804 -0.8018492
vn 0.0027229986 0.15047891 -0.9886095
vn 0.0027229986 0.15047891 -0.9886095
vn 0.0027229986 0.15047891 -0.9886095
vn 0.0027229986 0.15047891 -0.9886095
vn 0.8233112 -0.06913402 0.56336415
vn 0.8233112 -0.06913402 0.56336415
vn 0.8233112 -0.06913402 0.56336415
vn 0.37647504 -0.253293 0.89112806
vn 0.37647504 -0.253293 0.89112806
vn 0.37647504 -0.253293 0.89112806
vn -0.4549602 -0.029520012 0.89002234
vn -0.4549602 -0.029520012 0.89002234
vn -0.4549602 -0.029520012 0.89002234
vn -0.4549602 -0.029520012 0.89002234
vn -0.9259573 0.06387902 0.37218612
vn -0.9259573 0.06387902 0.37218612
vn -0.9259573 0.06387902 0.37218612
vn -0.9259573 0.06387902 0.37218612
vn -0.58439803 0.14057502 -0.7991981
vn -0.58439803 0.14057502 -0.7991981
vn -0.58439803 0.14057502 -0.7991981
vn -0.58439803 0.14057502 -0.7991981
vn 0.077892035 0.062235024 -0.9950174
vn 0.077892035 0.062235024 -0.9950174
vn 0.077892035 0.062235024 -0.9950174
vn 0.077892035 0.062235024 -0.9950174
vn -0.1961049 -0.22984289 0.9532655
vn -0.1961049 -0.22984289 0.9532655
vn -0.1961049 -0.22984289 0.9532655
vn -0.1961049 -0.22984289 0.9532655
vn -0.17168005 0.045179013 -0.98411626
vn -0.17168005 0.045179013 -0.98411626
vn -0.17168005 0.045179013 -0.98411626
vn -0.34425578 -0.7458115 0.57030964
vn -0.34425578 -0.7458115 0.57030964
vn -0.34425578 -0.7458115 0.57030964
vn -0.34425578 -0.7458115 0.57030964
vn -0.8951957 0.27848792 0.3479499
vn -0.8951957 0.27848792 0.3479499
vn -0.8951957 0.27848792 0.3479499
vn -0.8951957 0.27848792 0.3479499
vn 0.64149994 -0.73028797 -0.23485598
vn 0.64149994 -0.73028797 -0.23485598
vn 0.64149994 -0.73028797 -0.23485598
vn 0.64149994 -0.73028797 -0.23485598
vn -0.89730555 0.19459112 -0.39620325
vn -0.89730555 0.19459112 -0.39620325
vn -0.89730555 0.19459112 -0.39620325
vn -0.89730555 0.19459112 -0.39620325
vn -0.34563205 0.17478602 0.92194813
vn -0.34563205 0.17478602 0.92194813
vn -0.34563205 0.17478602 0.92194813
vn -0.018597003 0.38664007 -0.92204314
vn -0.018597003 0.38664007 -0.92204314
vn -0.018597003 0.38664007 -0.92204314
vn -0.36637005 0.35912204 -0.8583731
vn -0.36637005 0.35912204 -0.8583731
vn -0.36637005 0.35912204 -0.8583731
vn -0.36637005 0.35912204 -0.8583731
vn -0.89833564 0.21147591 -0.38505983
vn -0.89833564 0.21147591 -0.38505983
vn -0.89833564 0.21147591 -0.38505983
vn -0.89833564 0.21147591 -0.38505983
vn -0.9241806 0.11602595 0.36390683
vn -0.9241806 0.11602595 0.36390683
vn -0.9241806 0.11602595 0.36390683
vn -0.9241806 0.11602595 0.36390683
vn -0.52213305 0.25741002 0.8130911
vn -0.52213305 0.25741002 0.8130911
vn -0.52213305 0.25741002 0.8130911
vn -0.17042607 0.085851036 0.9816234
vn -0.17042607 0.085851036 0.9816234
vn -0.17042607 0.085851036 0.9816234
vn -0.17042607 0.085851036 0.9816234
vn 0.4990217 -0.24510485 -0.83120453
vn 0.4990217 -0.24510485 -0.83120453
vn 0.4990217 -0.24510485 -0.83120453
vn 0.87588906 0.36758104 0.31257403
vn 0.87588906 0.36758104 0.31257403
vn 0.87588906 0.36758104 0.31257403
vn -0.5380531 0.32881504 0.77613115
vn -0.5380531 0.32881504 0.77613115
vn -0.5380531 0.32881504 0.77613115
vn -0.97864455 0.17315692 0.110776946
vn -0.97864455 0.17315692 0.110776946
vn -0.97864455 0.17315692 0.110776946
vn 0.822589 -0.046230998 -0.566754
vn 0.822589 -0.046230998 -0.566754
vn 0.822589 -0.046230998 -0.566754
vn -0.8854782 0.20704605 -0.4160051
vn -0.8854782 0.20704605 -0.4160051
vn -0.8854782 0.20704605 -0.4160051
vn 0.9248426 -0.34369683 -0.16290693
vn 0.9248426 -0.34369683 -0.16290693
vn 0.9248426 -0.34369683 -0.16290693
vn 0.8304031 -0.17624502 0.52855307
vn 0.8304031 -0.17624502 0.52855307
vn 0.8304031 -0.17624502 0.52855307
vn -0.03179798 0.061775964 0.9975834
vn -0.03179798 0.061775964 0.9975834
vn -0.03179798 0.061775964 0.9975834
vn -0.9298501 0.15136202 0.33536303
vn -0.9298501 0.15136202 0.33536303
vn -0.9298501 0.15136202 0.33536303
vn -0.74294096 -0.018255 -0.669108
vn -0.74294096 -0.018255 -0.669108
vn -0.74294096 -0.018255 -0.669108
vn -0.25251088 -0.21107289 -0.94429153
vn -0.25251088 -0.21107289 -0.94429153
vn -0.25251088 -0.21107289 -0.94429153
vn -0.3712621 -0.21389806 0.9035552
vn -0.3712621 -0.21389806 0.9035552
vn -0.3712621 -0.21389806 0.9035552
vn -0.6142271 0.5627111 0.5532461
vn -0.6142271 0.5627111 0.5532461
vn -0.6142271 0.5627111 0.5532461
vn -0.17403197 -0.5114579 -0.8415009
vn -0.17403197 -0.5114579 -0.8415009
vn -0.17403197 -0.5114579 -0.8415009
vn -0.82538784 -0.010741998 0.5644639
vn -0.82538784 -0.010741998 0.5644639
vn -0.82538784 -0.010741998 0.5644639
vn -0.39095694 0.9111759 0.13004299
vn -0.39095694 0.9111759 0.13004299
vn -0.39095694 0.9111759 0.13004299
vn -0.99444294 0.068788 0.07969599
vn -0.99444294 0.068788 0.07969599
vn -0.99444294 0.068788 0.07969599
vn -0.8905285 0.3715998 0.26243585
vn -0.8905285 0.3715998 0.26243585
vn -0.8905285 0.3715998 0.26243585
vn -0.29321888 0.59898174 0.7451467
vn -0.29321888 0.59898174 0.7451467
vn -0.29321888 0.59898174 0.7451467
vn -0.732413 0.134929 0.667357
vn -0.732413 0.134929 0.667357
vn -0.732413 0.134929 0.667357
vn 0.44636288 -0.6331059 0.6324058
vn 0.44636288 -0.6331059 0.6324058
vn 0.44636288 -0.6331059 0.6324058
vn 0.79814225 -0.14775304 0.5840702
vn 0.79814225 -0.14775304 0.5840702
vn 0.79814225 -0.14775304 0.5840702
vn 0.8264358 -0.37290293 -0.42183793
vn 0.8264358 -0.37290293 -0.42183793
vn 0.8264358 -0.37290293 -0.42183793
vn -0.86128414 0.34632605 0.37181705
vn -0.86128414 0.34632605 0.37181705
vn -0.86128414 0.34632605 0.37181705
vn -0.38289693 0.50857794 0.77119285
vn -0.38289693 0.50857794 0.77119285
vn -0.38289693 0.50857794 0.77119285
vn -0.75842345 0.6513645 -0.022761984
vn -0.75842345 0.6513645 -0.022761984
vn -0.75842345 0.6513645 -0.022761984
vn -0.33947083 0.93511957 0.10154295
vn -0.33947083 0.93511957 0.10154295
vn -0.33947083 0.93511957 0.10154295
vn -0.73949695 0.15261398 0.65563196
vn -0.73949695 0.15261398 0.65563196
vn -0.73949695 0.15261398 0.65563196
vn -0.21030508 -0.46483117 0.86006033
vn -0.21030508 -0.46483117 0.86006033
vn -0.21030508 -0.46483117 0.86006033
vn -0.4354428 -0.2410309 0.8673486
vn -0.4354428 -0.2410309 0.8673486
vn -0.4354428 -0.2410309 0.8673486
vn -0.24844997 0.90331286 0.34971195
vn -0.24844997 0.90331286 0.34971195
vn -0.24844997 0.90331286 0.34971195
vn -0.23233093 -0.6353398 -0.7364548
vn -0.23233093 -0.6353398 -0.7364548
vn -0.23233093 -0.6353398 -0.7364548
vn -0.23233093 -0.6353398 -0.7364548
vn -0.9727086 -0.12412094 0.19604091
vn -0.9727086 -0.12412094 0.19604091
vn -0.9727086 -0.12412094 0.19604091
vn -0.26906717 0.20180114 -0.9417426
vn -0.26906717 0.20180114 -0.9417426
vn -0.26906717 0.20180114 -0.9417426
vn -0.45303497 0.23682898 0.85945994
vn -0.45303497 0.23682898 0.85945994
vn -0.45303497 0.23682898 0.85945994
vn -0.45303497 0.23682898 0.85945994
vn -0.11785505 -0.08184303 -0.9896524
vn -0.11785505 -0.08184303 -0.9896524
vn -0.11785505 -0.08184303 -0.9896524
vn -0.51266503 -0.010202001 0.8585281
vn -0.51266503 -0.010202001 0.8585281
vn -0.51266503 -0.010202001 0.8585281
vn -0.97318614 -0.12015902 0.19613904
vn -0.97318614 -0.12015902 0.19613904
vn -0.97318614 -0.12015902 0.19613904
vn -0.22361197 -0.5407059 -0.8109469
vn -0.22361197 -0.5407059 -0.8109469
vn -0.22361197 -0.5407059 -0.8109469
vn -0.8323316 -0.48048276 -0.27633387
vn -0.8323316 -0.48048276 -0.27633387
vn -0.8323316 -0.48048276 -0.27633387
vn -0.8323316 -0.48048276 -0.27633387
vn -0.7085019 -0.57934195 -0.40297395
vn -0.7085019 -0.57934195 -0.40297395
vn -0.7085019 -0.57934195 -0.40297395
vn -0.31537294 0.9291058 -0.19313796
vn -0.31537294 0.9291058 -0.19313796
vn -0.31537294 0.9291058 -0.19313796
vn -0.024558004 -0.38869506 0.9210391
vn -0.024558004 -0.38869506 0.9210391
vn -0.024558004 -0.38869506 0.9210391
vn -0.031255994 -0.022156995 0.9992658
vn -0.031255994 -0.022156995 0.9992658
vn -0.031255994 -0.022156995 0.9992658
vn -0.05080898 -0.17061093 0.9840276
vn -0.05080898 -0.17061093 0.9840276
vn -0.05080898 -0.17061093 0.9840276
vn 0.07239601 -0.46164405 -0.8841061
vn 0.07239601 -0.46164405 -0.8841061
vn 0.07239601 -0.46164405 -0.8841061
vn 0.07239601 -0.46164405 -0.8841061
vn 0.24661393 -0.101775974 -0.9637548
vn 0.24661393 -0.101775974 -0.9637548
vn 0.24661393 -0.101775974 -0.9637548
vn 0.115551 0.048126 -0.992135
vn 0.115551 0.048126 -0.992135
vn 0.115551 0.048126 -0.992135
vn 0.08739897 0.38875684 -0.91718566
vn 0.08739897 0.38875684 -0.91718566
vn 0.08739897 0.38875684 -0.91718566
vn 0.025839001 0.630794 -0.77552
vn 0.025839001 0.630794 -0.77552
vn 0.025839001 0.630794 -0.77552
vn 0.025839001 0.630794 -0.77552
vn -0.18512195 0.11105098 0.97642076
vn -0.18512195 0.11105098 0.97642076
vn -0.18512195 0.11105098 0.97642076
vn -0.18512195 0.11105098 0.97642076
vn -0.5582869 0.15513398 0.81501484
vn -0.5582869 0.15513398 0.81501484
vn -0.5582869 0.15513398 0.81501484
vn -0.5582869 0.15513398 0.81501484
vn -0.9339388 0.19784495 0.29768392
vn -0.9339388 0.19784495 0.29768392
vn -0.9339388 0.19784495 0.29768392
vn -0.9339388 0.19784495 0.29768392
vn -0.9292977 0.07218897 -0.3622079
vn -0.9292977 0.07218897 -0.3622079
vn -0.9292977 0.07218897 -0.3622079
vn -0.9292977 0.07218897 -0.3622079
vn -0.38029206 -0.09782701 -0.9196781
vn -0.38029206 -0.09782701 -0.9196781
vn -0.38029206 -0.09782701 -0.9196781
vn -0.38029206 -0.09782701 -0.9196781
vn -0.19073293 -0.14857194 -0.97033364
vn -0.19073293 -0.14857194 -0.97033364
vn -0.19073293 -0.14857194 -0.97033364
vn -0.19073293 -0.14857194 -0.97033364
vn -0.07907701 0.24944803 0.9651541
vn -0.07907701 0.24944803 0.9651541
vn -0.07907701 0.24944803 0.9651541
vn -0.07907701 0.24944803 0.9651541
vn -0.07850398 0.03673499 0.99623674
vn -0.07850398 0.03673499 0.99623674
vn -0.07850398 0.03673499 0.99623674
vn -0.51385564 -0.012306991 0.8577884
vn -0.51385564 -0.012306991 0.8577884
vn -0.51385564 -0.012306991 0.8577884
vn -0.42017898 -0.38409498 0.822144
vn -0.42017898 -0.38409498 0.822144
vn -0.42017898 -0.38409498 0.822144
vn -0.42017898 -0.38409498 0.822144
vn -0.4588769 0.36583593 0.80968887
vn -0.4588769 0.36583593 0.80968887
vn -0.4588769 0.36583593 0.80968887
vn -0.4588769 0.36583593 0.80968887
vn -0.074568994 0.39802495 0.9143389
vn -0.074568994 0.39802495 0.9143389
vn -0.074568994 0.39802495 0.9143389
vn -0.074568994 0.39802495 0.9143389
vn -0.16748893 0.20446892 0.9644376
vn -0.16748893 0.20446892 0.9644376
vn -0.16748893 0.20446892 0.9644376
vn -0.64107984 0.08548198 0.7626988
vn -0.64107984 0.08548198 0.7626988
vn -0.64107984 0.08548198 0.7626988
vn -0.162427 0.21372499 0.96329594
vn -0.162427 0.21372499 0.96329594
vn -0.162427 0.21372499 0.96329594
vn -0.15840405 0.20810606 0.9651943
vn -0.15840405 0.20810606 0.9651943
vn -0.15840405 0.20810606 0.9651943
vn -0.030715005 -0.37533006 0.9263822
vn -0.030715005 -0.37533006 0.9263822
vn -0.030715005 -0.37533006 0.9263822
vn -0.22657695 -0.25688493 -0.93950677
vn -0.22657695 -0.25688493 -0.93950677
vn -0.22657695 -0.25688493 -0.93950677
vn -0.22657695 -0.25688493 -0.93950677
vn -0.40822002 -0.22780101 -0.88400406
vn -0.40822002 -0.22780101 -0.88400406
vn -0.40822002 -0.22780101 -0.88400406
vn -0.40822002 -0.22780101 -0.88400406
vn -0.9505649 -0.16924898 -0.260348
vn -0.9505649 -0.16924898 -0.260348
vn -0.9505649 -0.16924898 -0.260348
vn -0.9505649 -0.16924898 -0.260348
vn -0.9318112 0.027498007 0.3619001
vn -0.9318112 0.027498007 0.3619001
vn -0.9318112 0.027498007 0.3619001
vn -0.9318112 0.027498007 0.3619001
vn -0.57228065 0.20343587 0.7944235
vn -0.57228065 0.20343587 0.7944235
vn -0.57228065 0.20343587 0.7944235
vn -0.57228065 0.20343587 0.7944235
vn -0.18982306 0.21204808 0.95864636
vn -0.18982306 0.21204808 0.95864636
vn -0.18982306 0.21204808 0.95864636
vn -0.18982306 0.21204808 0.95864636
vn -0.64939165 -0.66234165 0.3736228
vn -0.64939165 -0.66234165 0.3736228
vn -0.64939165 -0.66234165 0.3736228
vn -0.96163774 -0.08899997 0.25948393
vn -0.96163774 -0.08899997 0.25948393
vn -0.96163774 -0.08899997 0.25948393
vn -0.9038337 -0.21629994 0.36918688
vn -0.9038337 -0.21629994 0.36918688
vn -0.9038337 -0.21629994 0.36918688
vn -0.9038337 -0.21629994 0.36918688
vn -0.12263396 0.68602574 0.71716774
vn -0.12263396 0.68602574 0.71716774
vn -0.12263396 0.68602574 0.71716774
vn -0.12263396 0.68602574 0.71716774
vn -0.295963 0.7882329 0.53953195
vn -0.295963 0.7882329 0.53953195
vn -0.295963 0.7882329 0.53953195
vn -0.352293 0.40454903 0.84393704
vn -0.352293 0.40454903 0.84393704
vn -0.352293 0.40454903 0.84393704
vn -0.352293 0.40454903 0.84393704
vn -0.8128479 0.36605698 0.45307896
vn -0.8128479 0.36605698 0.45307896
vn -0.8128479 0.36605698 0.45307896
vn -0.8128479 0.36605698 0.45307896
vn -0.84079236 0.2269981 -0.49146724
vn -0.84079236 0.2269981 -0.49146724
vn -0.84079236 0.2269981 -0.49146724
vn -0.84079236 0.2269981 -0.49146724
vn 0.9955149 -0.062529996 0.070993
vn 0.9955149 -0.062529996 0.070993
vn 0.9955149 -0.062529996 0.070993
vn -0.4351998 -0.7862306 -0.4386828
vn -0.4351998 -0.7862306 -0.4386828
vn -0.4351998 -0.7862306 -0.4386828
vn -0.4351998 -0.7862306 -0.4386828
vn -0.5106957 -0.42095372 -0.7496585
vn -0.5106957 -0.42095372 -0.7496585
vn -0.5106957 -0.42095372 -0.7496585
vn -0.08842897 0.23404191 -0.96819663
vn -0.08842897 0.23404191 -0.96819663
vn -0.08842897 0.23404191 -0.96819663
vn -0.7560273 -0.3238641 0.5688012
vn -0.7560273 -0.3238641 0.5688012
vn -0.7560273 -0.3238641 0.5688012
vn -0.87371707 -0.30686203 0.37743104
vn -0.87371707 -0.30686203 0.37743104
vn -0.87371707 -0.30686203 0.37743104
vn -0.10295398 0.093479976 0.9902838
vn -0.10295398 0.093479976 0.9902838
vn -0.10295398 0.093479976 0.9902838
vn -0.7315428 -0.67569685 0.09098798
vn -0.7315428 -0.67569685 0.09098798
vn -0.7315428 -0.67569685 0.09098798
vn -0.19803104 -0.17210503 -0.96496814
vn -0.19803104 -0.17210503 -0.96496814
vn -0.19803104 -0.17210503 -0.96496814
vn -0.43578404 0.8877431 0.14833902
vn -0.43578404 0.8877431 0.14833902
vn -0.43578404 0.8877431 0.14833902
vn -0.9114298 0.24398096 0.33131394
vn -0.9114298 0.24398096 0.33131394
vn -0.9114298 0.24398096 0.33131394
vn 0.90039825 -0.2705781 0.34069112
vn 0.90039825 -0.2705781 0.34069112
vn 0.90039825 -0.2705781 0.34069112
vn 0.032716993 0.17002298 -0.98489684
vn 0.032716993 0.17002298 -0.98489684
vn 0.032716993 0.17002298 -0.98489684
vn -0.8930179 0.38538894 0.23236696
vn -0.8930179 0.38538894 0.23236696
vn -0.8930179 0.38538894 0.23236696
vn 0.9349191 -0.27411103 -0.22536503
vn 0.9349191 -0.27411103 -0.22536503
vn 0.9349191 -0.27411103 -0.22536503
vn -0.9009192 -0.18934204 -0.39050508
vn -0.9009192 -0.18934204 -0.39050508
vn -0.9009192 -0.18934204 -0.39050508
vn -0.6451546 -0.39880773 -0.6517116
vn -0.6451546 -0.39880773 -0.6517116
vn -0.6451546 -0.39880773 -0.6517116
vn -0.596456 -0.468209 -0.651936
vn -0.596456 -0.468209 -0.651936
vn -0.596456 -0.468209 -0.651936
vn -0.9449092 -0.3142751 0.091530025
vn -0.9449092 -0.3142751 0.091530025
vn -0.9449092 -0.3142751 0.091530025
vn -0.95531994 -0.010418999 0.29538998
vn -0.95531994 -0.010418999 0.29538998
vn -0.95531994 -0.010418999 0.29538998
vn -0.2360419 0.7404397 0.62931174
vn -0.2360419 0.7404397 0.62931174
vn -0.2360419 0.7404397 0.62931174
vn -0.81750584 0.073903985 -0.5711589
vn -0.81750584 0.073903985 -0.5711589
vn -0.81750584 0.073903985 -0.5711589
vn -0.3869171 0.91289127 0.13009503
vn -0.3869171 0.91289127 0.13009503
vn -0.3869171 0.91289127 0.13009503
vn -0.34533584 -0.02173099 -0.93822753
vn -0.34533584 -0.02173099 -0.93822753
vn -0.34533584 -0.02173099 -0.93822753
vn -0.4040399 -0.088359974 -0.91046375
vn -0.4040399 -0.088359974 -0.91046375
vn -0.4040399 -0.088359974 -0.91046375
vn -0.43198195 0.7320129 -0.52682894
vn -0.43198195 0.7320129 -0.52682894
vn -0.43198195 0.7320129 -0.52682894
vn -0.47147882 0.5340218 -0.70180374
vn -0.47147882 0.5340218 -0.70180374
vn -0.47147882 0.5340218 -0.70180374
vn -0.42307788 0.8903527 -0.16815795
vn -0.42307788 0.8903527 -0.16815795
vn -0.42307788 0.8903527 -0.16815795
vn -0.26665092 0.24182992 -0.9329606
vn -0.26665092 0.24182992 -0.9329606
vn -0.26665092 0.24182992 -0.9329606
vn -0.26665092 0.24182992 -0.9329606
vn 0.23277299 0.497832 -0.835452
vn 0.23277299 0.497832 -0.835452
vn 0.23277299 0.497832 -0.835452
vn -0.75068516 -0.5733271 0.32828006
vn -0.75068516 -0.5733271 0.32828006
vn -0.75068516 -0.5733271 0.32828006
vn -0.80920637 -0.5849292 0.055162024
vn -0.80920637 -0.5849292 0.055162024
vn -0.80920637 -0.5849292 0.055162024
vn -0.65386397 0.49885097 -0.56886697
vn -0.65386397 0.49885097 -0.56886697
vn -0.65386397 0.49885097 -0.56886697
vn -0.22303298 0.81378293 -0.53666896
vn -0.22303298 0.81378293 -0.53666896
vn -0.22303298 0.81378293 -0.53666896
vn -0.9166426 0.17239192 0.36062083
vn -0.9166426 0.17239192 0.36062083
vn -0.9166426 0.17239192 0.36062083
vn -0.77696025 0.17648806 -0.6043052
vn -0.77696025 0.17648806 -0.6043052
vn -0.77696025 0.17648806 -0.6043052
vn -0.28913 -0.182982 -0.939639
vn -0.28913 -0.182982 -0.939639
vn -0.28913 -0.182982 -0.939639
vn 0.94727254 -0.24301188 -0.2088539
vn 0.94727254 -0.24301188 -0.2088539
vn 0.94727254 -0.24301188 -0.2088539
vn 0.6090389 -0.44156894 0.6588539
vn 0.6090389 -0.44156894 0.6588539
vn 0.6090389 -0.44156894 0.6588539
vn -0.18030411 0.5091523 -0.8415785
vn -0.18030411 0.5091523 -0.8415785
vn -0.18030411 0.5091523 -0.8415785
vn -0.06135601 0.040147007 -0.9973082
vn -0.06135601 0.040147007 -0.9973082
vn -0.06135601 0.040147007 -0.9973082
vn -0.99449813 0.051505007 0.09121801
vn -0.99449813 0.051505007 0.09121801
vn -0.99449813 0.051505007 0.09121801
vn -0.3458342 0.78705543 0.5108253
vn -0.3458342 0.78705543 0.5108253
vn -0.3458342 0.78705543 0.5108253
vn -0.5205159 0.34691694 0.7801999
vn -0.5205159 0.34691694 0.7801999
vn -0.5205159 0.34691694 0.7801999
vn 0.9548953 0.2884141 -0.070656024
vn 0.9548953 0.2884141 -0.070656024
vn 0.9548953 0.2884141 -0.070656024
vn -0.3294688 0.23306985 -0.9149474
vn -0.3294688 0.23306985 -0.9149474
vn -0.3294688 0.23306985 -0.9149474
vn -0.9293881 0.20957002 0.30383903
vn -0.9293881 0.20957002 0.30383903
vn -0.9293881 0.20957002 0.30383903
vn -0.8156148 0.13493197 0.56264186
vn -0.8156148 0.13493197 0.56264186
vn -0.8156148 0.13493197 0.56264186
vn 0.9039121 -0.25779805 0.34129605
vn 0.9039121 -0.25779805 0.34129605
vn 0.9039121 -0.25779805 0.34129605
vn 0.7571624 -0.44602823 -0.47724622
vn 0.7571624 -0.44602823 -0.47724622
vn 0.7571624 -0.44602823 -0.47724622
vn -0.9899312 0.063813016 0.12634903
vn -0.9899312 0.063813016 0.12634903
vn -0.9899312 0.063813016 0.12634903
vn 0.9341585 -0.35680482 -0.0061809965
vn 0.9341585 -0.35680482 -0.0061809965
vn 0.9341585 -0.35680482 -0.0061809965
vn 0.45179996 -0.108913995 0.88544595
vn 0.45179996 -0.108913995 0.88544595
vn 0.45179996 -0.108913995 0.88544595
vn -0.86850005 0.071508005 -0.49050406
vn -0.86850005 0.071508005 -0.49050406
vn -0.86850005 0.071508005 -0.49050406
vn 0.61341405 -0.175135 -0.77009803
vn 0.61341405 -0.175135 -0.77009803
vn 0.61341405 -0.175135 -0.77009803
vn 0.8935607 -0.44656086 -0.046180986
vn 0.8935607 -0.44656086 -0.046180986
vn 0.8935607 -0.44656086 -0.046180986
vn -0.94192064 0.06399997 0.3296809
vn -0.94192064 0.06399997 0.3296809
vn -0.94192064 0.06399997 0.3296809
vn -0.7728851 -0.048522007 -0.6326881
vn -0.7728851 -0.048522007 -0.6326881
vn -0.7728851 -0.048522007 -0.6326881
vn -0.665698 0.189511 -0.721756
vn -0.665698 0.189511 -0.721756
vn -0.665698 0.189511 -0.721756
vn -0.91949093 0.16746499 0.35565698
vn -0.91949093 0.16746499 0.35565698
vn -0.91949093 0.16746499 0.35565698
vn -0.04450998 0.11228595 0.9926786
vn -0.04450998 0.11228595 0.9926786
vn -0.04450998 0.11228595 0.9926786
vn 0.66604614 -0.10554102 0.7384061
vn 0.66604614 -0.10554102 0.7384061
vn 0.66604614 -0.10554102 0.7384061
vn 0.66604614 -0.10554102 0.7384061
vn 0.6122726 -0.1857539 -0.76851654
vn 0.6122726 -0.1857539 -0.76851654
vn 0.6122726 -0.1857539 -0.76851654
vn -0.83358467 0.12206695 -0.5387358
vn -0.83358467 0.12206695 -0.5387358
vn -0.83358467 0.12206695 -0.5387358
vn 0.9815942 -0.18088304 -0.06127101
vn 0.9815942 -0.18088304 -0.06127101
vn 0.9815942 -0.18088304 -0.06127101
vn 0.9815942 -0.18088304 -0.06127101
vn -0.9059411 0.34767705 0.24164303
vn -0.9059411 0.34767705 0.24164303
vn -0.9059411 0.34767705 0.24164303
vn 0.06061601 0.40500006 0.9123051
vn 0.06061601 0.40500006 0.9123051
vn 0.06061601 0.40500006 0.9123051
vn 0.820275 0.121314004 0.558956
vn 0.820275 0.121314004 0.558956
vn 0.820275 0.121314004 0.558956
vn 0.820275 0.121314004 0.558956
vn 0.42840907 -0.33470005 -0.83931017
vn 0.42840907 -0.33470005 -0.83931017
vn 0.42840907 -0.33470005 -0.83931017
vn -0.76982695 0.196742 -0.60717297
vn -0.76982695 0.196742 -0.60717297
vn -0.76982695 0.196742 -0.60717297
vn -0.76982695 0.196742 -0.60717297
vn 0.9804437 -0.10915497 -0.16375394
vn 0.9804437 -0.10915497 -0.16375394
vn 0.9804437 -0.10915497 -0.16375394
vn 0.9804437 -0.10915497 -0.16375394
vn 0.90428215 -0.25723803 0.34073806
vn 0.90428215 -0.25723803 0.34073806
vn 0.90428215 -0.25723803 0.34073806
vn 0.9092079 -0.23516697 0.34356594
vn 0.9092079 -0.23516697 0.34356594
vn 0.9092079 -0.23516697 0.34356594
vn -0.21497306 0.056551017 0.9749813
vn -0.21497306 0.056551017 0.9749813
vn -0.21497306 0.056551017 0.9749813
vn -0.19742207 0.18956207 -0.9618164
vn -0.19742207 0.18956207 -0.9618164
vn -0.19742207 0.18956207 -0.9618164
vn -0.4438629 0.055862986 -0.8943518
vn -0.4438629 0.055862986 -0.8943518
vn -0.4438629 0.055862986 -0.8943518
vn -0.4716129 -0.22494495 -0.8526318
vn -0.4716129 -0.22494495 -0.8526318
vn -0.4716129 -0.22494495 -0.8526318
vn -0.2893999 0.116080955 -0.95014364
vn -0.2893999 0.116080955 -0.95014364
vn -0.2893999 0.116080955 -0.95014364
vn -0.12497301 0.025042001 -0.99184406
vn -0.12497301 0.025042001 -0.99184406
vn -0.12497301 0.025042001 -0.99184406
vn 0.5032213 0.051887028 -0.8625985
vn 0.5032213 0.051887028 -0.8625985
vn 0.5032213 0.051887028 -0.8625985
vn -0.3851901 -0.18480705 -0.9041432
vn -0.3851901 -0.18480705 -0.9041432
vn -0.3851901 -0.18480705 -0.9041432
vn -0.94459504 0.25817302 0.202699
vn -0.94459504 0.25817302 0.202699
vn -0.94459504 0.25817302 0.202699
vn -0.8280528 0.13771598 -0.5434729
vn -0.8280528 0.13771598 -0.5434729
vn -0.8280528 0.13771598 -0.5434729
vn -0.8280528 0.13771598 -0.5434729
vn 0.15977092 -0.104488954 0.9816085
vn 0.15977092 -0.104488954 0.9816085
vn 0.15977092 -0.104488954 0.9816085
vn 0.07654497 -0.13981494 0.98721457
vn 0.07654497 -0.13981494 0.98721457
vn 0.07654497 -0.13981494 0.98721457
vn 0.07654497 -0.13981494 0.98721457
vn -0.24479811 -0.32381514 0.9139024
vn -0.24479811 -0.32381514 0.9139024
vn -0.24479811 -0.32381514 0.9139024
vn -0.05380101 0.074037015 0.9958032
vn -0.05380101 0.074037015 0.9958032
vn -0.05380101 0.074037015 0.9958032
vn -0.02551899 -0.2720609 0.9619416
vn -0.02551899 -0.2720609 0.9619416
vn -0.02551899 -0.2720609 0.9619416
vn -0.8257879 0.24053296 0.5101159
vn -0.8257879 0.24053296 0.5101159
vn -0.8257879 0.24053296 0.5101159
vn 0.18955107 -0.17728907 -0.96573234
vn 0.18955107 -0.17728907 -0.96573234
vn 0.18955107 -0.17728907 -0.96573234
vn -0.14170504 0.052112017 0.9885363
vn -0.14170504 0.052112017 0.9885363
vn -0.14170504 0.052112017 0.9885363
vn -0.85613424 0.4047981 0.32120508
vn -0.85613424 0.4047981 0.32120508
vn -0.85613424 0.4047981 0.32120508
vn -0.45118204 -0.09120601 -0.8877591
vn -0.45118204 -0.09120601 -0.8877591
vn -0.45118204 -0.09120601 -0.8877591
vn -0.22247197 0.09779499 -0.97002184
vn -0.22247197 0.09779499 -0.97002184
vn -0.22247197 0.09779499 -0.97002184
vn -0.77215993 -0.007997999 -0.63537794
vn -0.77215993 -0.007997999 -0.63537794
vn -0.77215993 -0.007997999 -0.63537794
vn -0.67827135 0.28003615 -0.67935836
vn -0.67827135 0.28003615 -0.67935836
vn -0.67827135 0.28003615 -0.67935836
vn -0.27718493 0.26185593 -0.92444575
vn -0.27718493 0.26185593 -0.92444575
vn -0.27718493 0.26185593 -0.92444575
vn 0.06448898 0.40004084 0.91422564
vn 0.06448898 0.40004084 0.91422564
vn 0.06448898 0.40004084 0.91422564
vn -0.8981607 -0.17161494 -0.40479088
vn -0.8981607 -0.17161494 -0.40479088
vn -0.8981607 -0.17161494 -0.40479088
vn -0.8673657 -0.06639198 0.49322286
vn -0.8673657 -0.06639198 0.49322286
vn -0.8673657 -0.06639198 0.49322286
vn 0.91945666 -0.39272684 -0.019107992
vn 0.91945666 -0.39272684 -0.019107992
vn 0.91945666 -0.39272684 -0.019107992
vn 0.47996315 -0.49606314 -0.7235722
vn 0.47996315 -0.49606314 -0.7235722
vn 0.47996315 -0.49606314 -0.7235722
vn 0.6192723 -0.17044808 -0.7664524
vn 0.6192723 -0.17044808 -0.7664524
vn 0.6192723 -0.17044808 -0.7664524
vn -0.30072483 -0.2050069 -0.9314165
vn -0.30072483 -0.2050069 -0.9314165
vn -0.30072483 -0.2050069 -0.9314165
vn -0.9987748 -0.029387996 0.039813995
vn -0.9987748 -0.029387996 0.039813995
vn -0.9987748 -0.029387996 0.039813995
vn 0.9407863 -0.2920321 0.17215805
vn 0.9407863 -0.2920321 0.17215805
vn 0.9407863 -0.2920321 0.17215805
vn -0.61367613 0.10688202 -0.78229016
vn -0.61367613 0.10688202 -0.78229016
vn -0.61367613 0.10688202 -0.78229016
vn -0.61367613 0.10688202 -0.78229016
vn -0.078518964 -0.14556094 -0.9862286
vn -0.078518964 -0.14556094 -0.9862286
vn -0.078518964 -0.14556094 -0.9862286
vn 0.8098682 -0.16844204 0.5619081
vn 0.8098682 -0.16844204 0.5619081
vn 0.8098682 -0.16844204 0.5619081
vn 0.5055209 -0.14469697 0.85059476
vn 0.5055209 -0.14469697 0.85059476
vn 0.5055209 -0.14469697 0.85059476
vn 0.5055209 -0.14469697 0.85059476
vn 0.3851581 -0.065472014 0.9205252
vn 0.3851581 -0.065472014 0.9205252
vn 0.3851581 -0.065472014 0.9205252
vn -0.8837629 0.13654098 -0.44757095
vn -0.8837629 0.13654098 -0.44757095
vn -0.8837629 0.13654098 -0.44757095
vn -0.8837629 0.13654098 -0.44757095
vn -0.3375079 0.17406695 0.9250887
vn -0.3375079 0.17406695 0.9250887
vn -0.3375079 0.17406695 0.9250887
vn -0.9139097 0.20758893 0.34882087
vn -0.9139097 0.20758893 0.34882087
vn -0.9139097 0.20758893 0.34882087
vn -0.9139097 0.20758893 0.34882087
vn -0.9035606 0.09709095 -0.4173148
vn -0.9035606 0.09709095 -0.4173148
vn -0.9035606 0.09709095 -0.4173148
vn -0.9035606 0.09709095 -0.4173148
vn -0.60392404 -0.103487 -0.790295
vn -0.60392404 -0.103487 -0.790295
vn -0.60392404 -0.103487 -0.790295
vn -0.60392404 -0.103487 -0.790295
vn 0.010444996 -0.32000688 -0.94735765
vn 0.010444996 -0.32000688 -0.94735765
vn 0.010444996 -0.32000688 -0.94735765
vn 0.155185 -0.540522 -0.826894
vn 0.155185 -0.540522 -0.826894
vn 0.155185 -0.540522 -0.826894
vn -0.09940096 -0.39559385 -0.9130306
vn -0.09940096 -0.39559385 -0.9130306
vn -0.09940096 -0.39559385 -0.9130306
vn -0.108076006 -0.22601001 0.9681111
vn -0.108076006 -0.22601001 0.9681111
vn -0.108076006 -0.22601001 0.9681111
vn -0.26336396 0.86188185 0.43335792
vn -0.26336396 0.86188185 0.43335792
vn -0.26336396 0.86188185 0.43335792
vn -0.26336396 0.86188185 0.43335792
vn -0.33352602 -0.85317904 -0.40105602
vn -0.33352602 -0.85317904 -0.40105602
vn -0.33352602 -0.85317904 -0.40105602
vn -0.28247994 -0.24692693 -0.9269478
vn -0.28247994 -0.24692693 -0.9269478
vn -0.28247994 -0.24692693 -0.9269478
vn -0.28247994 -0.24692693 -0.9269478
vn -0.28674686 0.95796955 0.008404995
vn -0.28674686 0.95796955 0.008404995
vn -0.28674686 0.95796955 0.008404995
vn -0.32756197 0.7033509 -0.6308729
vn -0.32756197 0.7033509 -0.6308729
vn -0.32756197 0.7033509 -0.6308729
vn -0.32756197 0.7033509 -0.6308729
vn -0.9946127 0.07947398 0.06655398
vn -0.9946127 0.07947398 0.06655398
vn -0.9946127 0.07947398 0.06655398
vn -0.9206216 0.16041893 0.35597983
vn -0.9206216 0.16041893 0.35597983
vn -0.9206216 0.16041893 0.35597983
vn -0.8087491 -0.29087904 0.51118904
vn -0.8087491 -0.29087904 0.51118904
vn -0.8087491 -0.29087904 0.51118904
vn -0.939288 -0.30769202 0.151867
vn -0.939288 -0.30769202 0.151867
vn -0.939288 -0.30769202 0.151867
vn -0.36348498 0.28445798 0.887109
vn -0.36348498 0.28445798 0.887109
vn -0.36348498 0.28445798 0.887109
vn -0.36348498 0.28445798 0.887109
vn -0.4271837 -0.1329599 0.8943354
vn -0.4271837 -0.1329599 0.8943354
vn -0.4271837 -0.1329599 0.8943354
vn -0.20744793 -0.17383595 0.9626767
vn -0.20744793 -0.17383595 0.9626767
vn -0.20744793 -0.17383595 0.9626767
vn -0.5410048 -0.7797727 0.31506887
vn -0.5410048 -0.7797727 0.31506887
vn -0.5410048 -0.7797727 0.31506887
vn -0.31315592 -0.6392338 0.7023628
vn -0.31315592 -0.6392338 0.7023628
vn -0.31315592 -0.6392338 0.7023628
vn -0.41195184 -0.2347839 0.8804386
vn -0.41195184 -0.2347839 0.8804386
vn -0.41195184 -0.2347839 0.8804386
vn -0.41195184 -0.2347839 0.8804386
vn -0.9347919 0.21722397 0.28102997
vn -0.9347919 0.21722397 0.28102997
vn -0.9347919 0.21722397 0.28102997
vn -0.293698 0.149703 0.944103
vn -0.293698 0.149703 0.944103
vn -0.293698 0.149703 0.944103
vn -0.44889915 -0.36278912 0.8166233
vn -0.44889915 -0.36278912 0.8166233
vn -0.44889915 -0.36278912 0.8166233
vn -0.5205879 -0.84198487 0.14159697
vn -0.5205879 -0.84198487 0.14159697
vn -0.5205879 -0.84198487 0.14159697
vn -0.26691705 0.08882602 0.9596172
vn -0.26691705 0.08882602 0.9596172
vn -0.26691705 0.08882602 0.9596172
vn -0.7238449 -0.24417697 0.64531094
vn -0.7238449 -0.24417697 0.64531094
vn -0.7238449 -0.24417697 0.64531094
vn -0.8884211 -0.12873402 0.44060805
vn -0.8884211 -0.12873402 0.44060805
vn -0.8884211 -0.12873402 0.44060805
vn -0.4143249 -0.027357994 0.9097178
vn -0.4143249 -0.027357994 0.9097178
vn -0.4143249 -0.027357994 0.9097178
vn -0.6587477 0.42056578 0.6238397
vn -0.6587477 0.42056578 0.6238397
vn -0.6587477 0.42056578 0.6238397
vn -0.64459306 0.627726 0.43641704
vn -0.64459306 0.627726 0.43641704
vn -0.64459306 0.627726 0.43641704
vn -0.7198387 0.038305983 0.69308364
vn -0.7198387 0.038305983 0.69308364
vn -0.7198387 0.038305983 0.69308364
vn -0.8898508 -0.4278979 0.15833196
vn -0.8898508 -0.4278979 0.15833196
vn -0.8898508 -0.4278979 0.15833196
vn -0.8531371 -0.50215906 -0.14139801
vn -0.8531371 -0.50215906 -0.14139801
vn -0.8531371 -0.50215906 -0.14139801
vn -0.80657274 -0.3019779 0.5081828
vn -0.80657274 -0.3019779 0.5081828
vn -0.80657274 -0.3019779 0.5081828
vn -0.9070687 0.03044999 0.41987988
vn -0.9070687 0.03044999 0.41987988
vn -0.9070687 0.03044999 0.41987988
vn -0.9746128 -0.09682998 0.20187595
vn -0.9746128 -0.09682998 0.20187595
vn -0.9746128 -0.09682998 0.20187595
vn -0.5747211 0.29435903 0.7635761
vn -0.5747211 0.29435903 0.7635761
vn -0.5747211 0.29435903 0.7635761
vn -0.8545258 -0.26458693 0.4469669
vn -0.8545258 -0.26458693 0.4469669
vn -0.8545258 -0.26458693 0.4469669
vn -0.79369086 -0.35310796 0.49534792
vn -0.79369086 -0.35310796 0.49534792
vn -0.79369086 -0.35310796 0.49534792
vn -0.33458203 -0.22412303 0.91532713
vn -0.33458203 -0.22412303 0.91532713
vn -0.33458203 -0.22412303 0.91532713
vn -0.8740506 -0.46378782 0.14469394
vn -0.8740506 -0.46378782 0.14469394
vn -0.8740506 -0.46378782 0.14469394
vn -0.7470023 -0.2525801 0.61497223
vn -0.7470023 -0.2525801 0.61497223
vn -0.7470023 -0.2525801 0.61497223
vn -0.7698212 0.052856017 0.6360672
vn -0.7698212 0.052856017 0.6360672
vn -0.7698212 0.052856017 0.6360672
vn -0.7698212 0.052856017 0.6360672
vn -0.92982346 -0.03526998 0.3663118
vn -0.92982346 -0.03526998 0.3663118
vn -0.92982346 -0.03526998 0.3663118
vn -0.25084013 0.3797982 0.89041144
vn -0.25084013 0.3797982 0.89041144
vn -0.25084013 0.3797982 0.89041144
vn -0.55088097 -0.107157 0.827676
vn -0.55088097 -0.107157 0.827676
vn -0.55088097 -0.107157 0.827676
vn -0.43592697 -0.30901697 0.84526694
vn -0.43592697 -0.30901697 0.84526694
vn -0.43592697 -0.30901697 0.84526694
vn -0.9206702 0.25578207 0.29485908
vn -0.9206702 0.25578207 0.29485908
vn -0.9206702 0.25578207 0.29485908
vn -0.62357485 0.17013095 0.7630268
vn -0.62357485 0.17013095 0.7630268
vn -0.62357485 0.17013095 0.7630268
vn -0.16142394 0.044935983 0.9858616
vn -0.16142394 0.044935983 0.9858616
vn -0.16142394 0.044935983 0.9858616
vn -0.4677141 -0.57494414 0.67132914
vn -0.4677141 -0.57494414 0.67132914
vn -0.4677141 -0.57494414 0.67132914
vn -0.7664012 -0.63577116 -0.09178402
vn -0.7664012 -0.63577116 -0.09178402
vn -0.7664012 -0.63577116 -0.09178402
vn 0.16868208 -0.48606926 -0.8574865
vn 0.16868208 -0.48606926 -0.8574865
vn 0.16868208 -0.48606926 -0.8574865
vn 0.16868208 -0.48606926 -0.8574865
vn 0.27033287 0.96137154 -0.051815975
vn 0.27033287 0.96137154 -0.051815975
vn 0.27033287 0.96137154 -0.051815975
vn -0.99405473 -0.10775497 0.015622996
vn -0.99405473 -0.10775497 0.015622996
vn -0.99405473 -0.10775497 0.015622996
vn -0.033584986 0.80518067 -0.5920778
vn -0.033584986 0.80518067 -0.5920778
vn -0.033584986 0.80518067 -0.5920778
vn -0.15651505 -0.21805908 -0.9633033
vn -0.15651505 -0.21805908 -0.9633033
vn -0.15651505 -0.21805908 -0.9633033
vn -0.98476124 -0.16409405 0.057606015
vn -0.98476124 -0.16409405 0.057606015
vn -0.98476124 -0.16409405 0.057606015
vn -0.98476124 -0.16409405 0.057606015
vn -0.2520549 0.24930389 -0.9350486
vn -0.2520549 0.24930389 -0.9350486
vn -0.2520549 0.24930389 -0.9350486
vn -0.2520549 0.24930389 -0.9350486
vn -0.8508538 0.13913198 0.5066459
vn -0.8508538 0.13913198 0.5066459
vn -0.8508538 0.13913198 0.5066459
vn 0.3625079 0.23340395 -0.9022808
vn 0.3625079 0.23340395 -0.9022808
vn 0.3625079 0.23340395 -0.9022808
vn -0.88666755 0.33822381 -0.31531784
vn -0.88666755 0.33822381 -0.31531784
vn -0.88666755 0.33822381 -0.31531784
vn -0.7999687 0.07459597 -0.5953868
vn -0.7999687 0.07459597 -0.5953868
vn -0.7999687 0.07459597 -0.5953868
vn -0.73412985 -0.32949293 -0.59370685
vn -0.73412985 -0.32949293 -0.59370685
vn -0.73412985 -0.32949293 -0.59370685
vn -0.74852115 0.6573211 0.08743601
vn -0.74852115 0.6573211 0.08743601
vn -0.74852115 0.6573211 0.08743601
vn -0.800289 0.519484 -0.299456
vn -0.800289 0.519484 -0.299456
vn -0.800289 0.519484 -0.299456
vn -0.7106882 -0.56668913 -0.4168761
vn -0.7106882 -0.56668913 -0.4168761
vn -0.7106882 -0.56668913 -0.4168761
vn -0.7362089 -0.34706497 -0.58098394
vn -0.7362089 -0.34706497 -0.58098394
vn -0.7362089 -0.34706497 -0.58098394
vn -0.33978397 0.45990095 0.8203889
vn -0.33978397 0.45990095 0.8203889
vn -0.33978397 0.45990095 0.8203889
vn -0.33978397 0.45990095 0.8203889
vn -0.45036617 -0.2568701 0.8550953
vn -0.45036617 -0.2568701 0.8550953
vn -0.45036617 -0.2568701 0.8550953
vn -0.7272273 -0.47858116 -0.49203718
vn -0.7272273 -0.47858116 -0.49203718
vn -0.7272273 -0.47858116 -0.49203718
vn -0.9321121 0.28021204 0.22945203
vn -0.9321121 0.28021204 0.22945203
vn -0.9321121 0.28021204 0.22945203
vn -0.79066724 -0.074339025 0.6077162
vn -0.79066724 -0.074339025 0.6077162
vn -0.79066724 -0.074339025 0.6077162
vn -0.41641003 -0.28072202 0.86475307
vn -0.41641003 -0.28072202 0.86475307
vn -0.41641003 -0.28072202 0.86475307
vn -0.604028 -0.058651 0.794802
vn -0.604028 -0.058651 0.794802
vn -0.604028 -0.058651 0.794802
vn -0.8386876 -0.51518977 0.17658591
vn -0.8386876 -0.51518977 0.17658591
vn -0.8386876 -0.51518977 0.17658591
vn -0.31638387 -0.9252856 -0.20915991
vn -0.31638387 -0.9252856 -0.20915991
vn -0.31638387 -0.9252856 -0.20915991
vn -0.44584218 -0.84173536 -0.30447713
vn -0.44584218 -0.84173536 -0.30447713
vn -0.44584218 -0.84173536 -0.30447713
vn -0.17449506 -0.8761273 -0.44939116
vn -0.17449506 -0.8761273 -0.44939116
vn -0.17449506 -0.8761273 -0.44939116
vn -0.17743197 -0.9156819 -0.36061695
vn -0.17743197 -0.9156819 -0.36061695
vn -0.17743197 -0.9156819 -0.36061695
vn -0.38167906 -0.7728541 0.5069691
vn -0.38167906 -0.7728541 0.5069691
vn -0.38167906 -0.7728541 0.5069691
vn -0.79972565 -0.46157482 0.38391083
vn -0.79972565 -0.46157482 0.38391083
vn -0.79972565 -0.46157482 0.38391083
vn -0.79972565 -0.46157482 0.38391083
vn -0.5902776 -0.5536647 0.58739066
vn -0.5902776 -0.5536647 0.58739066
vn -0.5902776 -0.5536647 0.58739066
vn -0.612378 -0.084456 0.78604096
vn -0.612378 -0.084456 0.78604096
vn -0.612378 -0.084456 0.78604096
vn -0.6969192 -0.016263004 0.7169652
vn -0.6969192 -0.016263004 0.7169652
vn -0.6969192 -0.016263004 0.7169652
vn -0.9243652 -0.015516004 0.3811931
vn -0.9243652 -0.015516004 0.3811931
vn -0.9243652 -0.015516004 0.3811931
vn -0.9243652 -0.015516004 0.3811931
vn -0.87847877 -0.013804996 -0.4775819
vn -0.87847877 -0.013804996 -0.4775819
vn -0.87847877 -0.013804996 -0.4775819
vn -0.87847877 -0.013804996 -0.4775819
vn -0.33062893 -0.12976697 -0.9347968
vn -0.33062893 -0.12976697 -0.9347968
vn -0.33062893 -0.12976697 -0.9347968
vn -0.33062893 -0.12976697 -0.9347968
vn 0.10735199 -0.42497495 -0.8988169
vn 0.10735199 -0.42497495 -0.8988169
vn 0.10735199 -0.42497495 -0.8988169
vn 0.10735199 -0.42497495 -0.8988169
vn -0.56918395 -0.27825198 -0.77369595
vn -0.56918395 -0.27825198 -0.77369595
vn -0.56918395 -0.27825198 -0.77369595
vn -0.56918395 -0.27825198 -0.77369595
vn -0.82457185 -0.5557309 0.10603998
vn -0.82457185 -0.5557309 0.10603998
vn -0.82457185 -0.5557309 0.10603998
vn -0.82457185 -0.5557309 0.10603998
vn -0.55312425 -0.6622313 0.50547326
vn -0.55312425 -0.6622313 0.50547326
vn -0.55312425 -0.6622313 0.50547326
vn -0.55312425 -0.6622313 0.50547326
vn 0.43017676 -0.69844466 0.5719467
vn 0.43017676 -0.69844466 0.5719467
vn 0.43017676 -0.69844466 0.5719467
vn 0.43017676 -0.69844466 0.5719467
vn 0.8188722 -0.5520502 0.15712704
vn 0.8188722 -0.5520502 0.15712704
vn 0.8188722 -0.5520502 0.15712704
vn 0.9826378 -0.082900986 -0.16598298
vn 0.9826378 -0.082900986 -0.16598298
vn 0.9826378 -0.082900986 -0.16598298
vn 0.89258105 0.09267501 -0.44126004
vn 0.89258105 0.09267501 -0.44126004
vn 0.89258105 0.09267501 -0.44126004
vn 0.89258105 0.09267501 -0.44126004
vn 0.8070237 0.31664088 -0.49844885
vn 0.8070237 0.31664088 -0.49844885
vn 0.8070237 0.31664088 -0.49844885
vn 0.6437789 -0.7643839 -0.035579994
vn 0.6437789 -0.7643839 -0.035579994
vn 0.6437789 -0.7643839 -0.035579994
vn 0.71539056 -0.3479518 -0.6059256
vn 0.71539056 -0.3479518 -0.6059256
vn 0.71539056 -0.3479518 -0.6059256
vn 0.58948296 -0.061595995 0.8054289
vn 0.58948296 -0.061595995 0.8054289
vn 0.58948296 -0.061595995 0.8054289
vn 0.58948296 -0.061595995 0.8054289
vn -0.6508351 0.042723008 0.7580161
vn -0.6508351 0.042723008 0.7580161
vn -0.6508351 0.042723008 0.7580161
vn -0.6508351 0.042723008 0.7580161
vn -0.94992757 0.2778099 0.14303593
vn -0.94992757 0.2778099 0.14303593
vn -0.94992757 0.2778099 0.14303593
vn -0.91066396 -0.392528 0.12889099
vn -0.91066396 -0.392528 0.12889099
vn -0.91066396 -0.392528 0.12889099
vn -0.9627829 -0.19514099 0.18699999
vn -0.9627829 -0.19514099 0.18699999
vn -0.9627829 -0.19514099 0.18699999
vn -0.96803486 0.18157397 0.17302997
vn -0.96803486 0.18157397 0.17302997
vn -0.96803486 0.18157397 0.17302997
vn -0.502673 0.199394 -0.841167
vn -0.502673 0.199394 -0.841167
vn -0.502673 0.199394 -0.841167
vn 0.48347995 -0.57259196 0.66210693
vn 0.48347995 -0.57259196 0.66210693
vn 0.48347995 -0.57259196 0.66210693
vn 0.9202257 -0.35464486 0.16556494
vn 0.9202257 -0.35464486 0.16556494
vn 0.9202257 -0.35464486 0.16556494
vn 0.95378786 -0.15100698 0.25977996
vn 0.95378786 -0.15100698 0.25977996
vn 0.95378786 -0.15100698 0.25977996
vn -0.50273293 -0.27295095 -0.8202179
vn -0.50273293 -0.27295095 -0.8202179
vn -0.50273293 -0.27295095 -0.8202179
vn -0.57811195 0.43959898 -0.68741494
vn -0.57811195 0.43959898 -0.68741494
vn -0.57811195 0.43959898 -0.68741494
vn 0.5412491 -0.07268301 0.8377151
vn 0.5412491 -0.07268301 0.8377151
vn 0.5412491 -0.07268301 0.8377151
vn 0.5412491 -0.07268301 0.8377151
vn 0.97846836 -0.13259804 0.15816906
vn 0.97846836 -0.13259804 0.15816906
vn 0.97846836 -0.13259804 0.15816906
vn 0.97846836 -0.13259804 0.15816906
vn 0.903571 -0.125481 -0.409651
vn 0.903571 -0.125481 -0.409651
vn 0.903571 -0.125481 -0.409651
vn 0.903571 -0.125481 -0.409651
vn 0.019697994 -0.08349297 -0.9963137
vn 0.019697994 -0.08349297 -0.9963137
vn 0.019697994 -0.08349297 -0.9963137
vn 0.019697994 -0.08349297 -0.9963137
vn -0.64768416 0.026722006 -0.7614402
vn -0.64768416 0.026722006 -0.7614402
vn -0.64768416 0.026722006 -0.7614402
vn -0.64768416 0.026722006 -0.7614402
vn -0.94635075 0.0051699984 0.3230999
vn -0.94635075 0.0051699984 0.3230999
vn -0.94635075 0.0051699984 0.3230999
vn -0.94635075 0.0051699984 0.3230999
vn -0.6255886 0.0139469905 0.78002846
vn -0.6255886 0.0139469905 0.78002846
vn -0.6255886 0.0139469905 0.78002846
vn -0.6255886 0.0139469905 0.78002846
vn -0.4305578 -0.17447491 0.8855385
vn -0.4305578 -0.17447491 0.8855385
vn -0.4305578 -0.17447491 0.8855385
vn -0.5348228 -0.22845691 0.8134937
vn -0.5348228 -0.22845691 0.8134937
vn -0.5348228 -0.22845691 0.8134937
vn -0.29496798 -0.18426298 -0.9375719
vn -0.29496798 -0.18426298 -0.9375719
vn -0.29496798 -0.18426298 -0.9375719
vn -0.043780014 0.43360415 -0.9000393
vn -0.043780014 0.43360415 -0.9000393
vn -0.043780014 0.43360415 -0.9000393
vn -0.8011752 -0.25207704 0.5427481
vn -0.8011752 -0.25207704 0.5427481
vn -0.8011752 -0.25207704 0.5427481
vn 0.9301039 -0.21092898 0.30069196
vn 0.9301039 -0.21092898 0.30069196
vn 0.9301039 -0.21092898 0.30069196
vn 0.71808964 -0.69404566 0.051457975
vn 0.71808964 -0.69404566 0.051457975
vn 0.71808964 -0.69404566 0.051457975
vn 0.71808964 -0.69404566 0.051457975
vn 0.152801 0.07972301 0.9850361
vn 0.152801 0.07972301 0.9850361
vn 0.152801 0.07972301 0.9850361
vn 0.467034 -0.074492 -0.881096
vn 0.467034 -0.074492 -0.881096
vn 0.467034 -0.074492 -0.881096
vn -0.9680448 -0.08124498 0.23725195
vn -0.9680448 -0.08124498 0.23725195
vn -0.9680448 -0.08124498 0.23725195
vn -0.9680448 -0.08124498 0.23725195
vn -0.41576487 -0.8268337 -0.37879488
vn -0.41576487 -0.8268337 -0.37879488
vn -0.41576487 -0.8268337 -0.37879488
vn -0.41576487 -0.8268337 -0.37879488
vn 0.5056318 -0.0053759976 -0.86273265
vn 0.5056318 -0.0053759976 -0.86273265
vn 0.5056318 -0.0053759976 -0.86273265
vn 0.7474509 -0.6627689 -0.04532799
vn 0.7474509 -0.6627689 -0.04532799
vn 0.7474509 -0.6627689 -0.04532799
vn 0.7474509 -0.6627689 -0.04532799
vn 0.9394611 -0.29935703 0.16672802
vn 0.9394611 -0.29935703 0.16672802
vn 0.9394611 -0.29935703 0.16672802
vn 0.19547795 0.16454495 0.96680576
vn 0.19547795 0.16454495 0.96680576
vn 0.19547795 0.16454495 0.96680576
vn -0.83315516 -0.18944404 -0.51958007
vn -0.83315516 -0.18944404 -0.51958007
vn -0.83315516 -0.18944404 -0.51958007
vn -0.04524998 0.57986975 0.81345165
vn -0.04524998 0.57986975 0.81345165
vn -0.04524998 0.57986975 0.81345165
vn 0.8738257 0.3764659 0.3077369
vn 0.8738257 0.3764659 0.3077369
vn 0.8738257 0.3764659 0.3077369
vn 0.38921112 0.7010722 0.5975052
vn 0.38921112 0.7010722 0.5975052
vn 0.38921112 0.7010722 0.5975052
vn -0.97865707 0.17186701 0.11265901
vn -0.97865707 0.17186701 0.11265901
vn -0.97865707 0.17186701 0.11265901
vn 0.8222824 0.31230578 0.47572765
vn 0.8222824 0.31230578 0.47572765
vn 0.8222824 0.31230578 0.47572765
vn -0.34726614 0.16720206 0.92274034
vn -0.34726614 0.16720206 0.92274034
vn -0.34726614 0.16720206 0.92274034
vn -0.87823105 0.15308501 -0.45307302
vn -0.87823105 0.15308501 -0.45307302
vn -0.87823105 0.15308501 -0.45307302
vn 0.21983695 -0.7960038 -0.5639589
vn 0.21983695 -0.7960038 -0.5639589
vn 0.21983695 -0.7960038 -0.5639589
vn 0.9020978 -0.09027698 -0.4219829
vn 0.9020978 -0.09027698 -0.4219829
vn 0.9020978 -0.09027698 -0.4219829
vn 0.9288987 -0.13572095 -0.3445679
vn 0.9288987 -0.13572095 -0.3445679
vn 0.9288987 -0.13572095 -0.3445679
vn -0.93047327 0.30572408 0.20187205
vn -0.93047327 0.30572408 0.20187205
vn -0.93047327 0.30572408 0.20187205
vn -0.41725808 -0.120475024 0.90076715
vn -0.41725808 -0.120475024 0.90076715
vn -0.41725808 -0.120475024 0.90076715
vn -0.41725808 -0.120475024 0.90076715
vn -0.836928 0.22824101 0.497451
vn -0.836928 0.22824101 0.497451
vn -0.836928 0.22824101 0.497451
vn -0.9226769 0.022481998 0.38491797
vn -0.9226769 0.022481998 0.38491797
vn -0.9226769 0.022481998 0.38491797
vn 0.953788 -0.151006 0.25978
vn 0.953788 -0.151006 0.25978
vn 0.953788 -0.151006 0.25978
vn 0.8741611 0.26194203 -0.40893605
vn 0.8741611 0.26194203 -0.40893605
vn 0.8741611 0.26194203 -0.40893605
vn 0.87576735 0.10179204 -0.47187918
vn 0.87576735 0.10179204 -0.47187918
vn 0.87576735 0.10179204 -0.47187918
vn -0.6588811 0.17930903 0.7305641
vn -0.6588811 0.17930903 0.7305641
vn -0.6588811 0.17930903 0.7305641
vn -0.6588811 0.17930903 0.7305641
vn 0.5681668 0.10122696 0.8166637
vn 0.5681668 0.10122696 0.8166637
vn 0.5681668 0.10122696 0.8166637
vn 0.5681668 0.10122696 0.8166637
vn 0.032468002 0.21599701 0.97585404
vn 0.032468002 0.21599701 0.97585404
vn 0.032468002 0.21599701 0.97585404
vn -0.48807395 -0.19106798 0.8516319
vn -0.48807395 -0.19106798 0.8516319
vn -0.48807395 -0.19106798 0.8516319
vn -0.53727794 0.33497998 0.77402896
vn -0.53727794 0.33497998 0.77402896
vn -0.53727794 0.33497998 0.77402896
vn -0.9855536 0.10602996 0.13206695
vn -0.9855536 0.10602996 0.13206695
vn -0.9855536 0.10602996 0.13206695
vn -0.9855536 0.10602996 0.13206695
vn -0.9813508 -0.19174196 0.013626996
vn -0.9813508 -0.19174196 0.013626996
vn -0.9813508 -0.19174196 0.013626996
vn 0.9488356 -0.18599093 -0.2551829
vn 0.9488356 -0.18599093 -0.2551829
vn 0.9488356 -0.18599093 -0.2551829
vn 0.8604206 -0.37255782 -0.34767383
vn 0.8604206 -0.37255782 -0.34767383
vn 0.8604206 -0.37255782 -0.34767383
vn -0.50680083 -0.22356693 0.83256876
vn -0.50680083 -0.22356693 0.83256876
vn -0.50680083 -0.22356693 0.83256876
vn -0.50680083 -0.22356693 0.83256876
vn -0.74712867 -0.110477954 -0.6554337
vn -0.74712867 -0.110477954 -0.6554337
vn -0.74712867 -0.110477954 -0.6554337
vn -0.363248 0.010261999 -0.931636
vn -0.363248 0.010261999 -0.931636
vn -0.363248 0.010261999 -0.931636
vn -0.00017200004 -0.25485507 -0.96697927
vn -0.00017200004 -0.25485507 -0.96697927
vn -0.00017200004 -0.25485507 -0.96697927
vn -0.00017200004 -0.25485507 -0.96697927
vn 0.7256702 -0.6841762 -0.07284002
vn 0.7256702 -0.6841762 -0.07284002
vn 0.7256702 -0.6841762 -0.07284002
vn 0.7256702 -0.6841762 -0.07284002
vn -0.96769065 0.08023497 -0.23903391
vn -0.96769065 0.08023497 -0.23903391
vn -0.96769065 0.08023497 -0.23903391
vn -0.96769065 0.08023497 -0.23903391
vn -0.95454335 0.08761003 -0.2849061
vn -0.95454335 0.08761003 -0.2849061
vn -0.95454335 0.08761003 -0.2849061
vn -0.19941503 0.5799051 0.7899011
vn -0.19941503 0.5799051 0.7899011
vn -0.19941503 0.5799051 0.7899011
vn -0.35088918 0.0139210075 -0.9363135
vn -0.35088918 0.0139210075 -0.9363135
vn -0.35088918 0.0139210075 -0.9363135
vn 0.8471803 -0.08695103 -0.5241422
vn 0.8471803 -0.08695103 -0.5241422
vn 0.8471803 -0.08695103 -0.5241422
vn 0.84901625 -0.020724006 -0.5279602
vn 0.84901625 -0.020724006 -0.5279602
vn 0.84901625 -0.020724006 -0.5279602
vn 0.88071173 -0.46892184 0.066776976
vn 0.88071173 -0.46892184 0.066776976
vn 0.88071173 -0.46892184 0.066776976
vn -0.98476726 0.0020820007 -0.17386505
vn -0.98476726 0.0020820007 -0.17386505
vn -0.98476726 0.0020820007 -0.17386505
vn -0.98476726 0.0020820007 -0.17386505
vn -0.9907953 0.014272004 -0.13461405
vn -0.9907953 0.014272004 -0.13461405
vn -0.9907953 0.014272004 -0.13461405
vn 0.748517 -0.66287696 -0.017788
vn 0.748517 -0.66287696 -0.017788
vn 0.748517 -0.66287696 -0.017788
vn 0.748517 -0.66287696 -0.017788
vn -0.99025977 0.13516797 -0.033393994
vn -0.99025977 0.13516797 -0.033393994
vn -0.99025977 0.13516797 -0.033393994
vn -0.999573 0.023622 -0.0172
vn -0.999573 0.023622 -0.0172
vn -0.999573 0.023622 -0.0172
vn -0.9915897 -0.017341996 0.12825397
vn -0.9915897 -0.017341996 0.12825397
vn -0.9915897 -0.017341996 0.12825397
vn 0.21513592 -0.069293976 0.97412264
vn 0.21513592 -0.069293976 0.97412264
vn 0.21513592 -0.069293976 0.97412264
vn 0.50401884 -0.047038987 -0.8624108
vn 0.50401884 -0.047038987 -0.8624108
vn 0.50401884 -0.047038987 -0.8624108
vn 0.50401884 -0.047038987 -0.8624108
vn 0.84181964 0.13822994 0.5217588
vn 0.84181964 0.13822994 0.5217588
vn 0.84181964 0.13822994 0.5217588
vn 0.84181964 0.13822994 0.5217588
vn -0.80070895 -0.52380097 0.29068497
vn -0.80070895 -0.52380097 0.29068497
vn -0.80070895 -0.52380097 0.29068497
vn -0.9477744 0.106146045 0.30076012
vn -0.9477744 0.106146045 0.30076012
vn -0.9477744 0.106146045 0.30076012
vn -0.45233282 0.23860091 0.85933965
vn -0.45233282 0.23860091 0.85933965
vn -0.45233282 0.23860091 0.85933965
vn -0.4992328 0.4694058 0.7283027
vn -0.4992328 0.4694058 0.7283027
vn -0.4992328 0.4694058 0.7283027
vn -0.4992328 0.4694058 0.7283027
vn -0.3835409 -0.21945494 0.89707077
vn -0.3835409 -0.21945494 0.89707077
vn -0.3835409 -0.21945494 0.89707077
vn -0.517595 -0.14356199 0.84349597
vn -0.517595 -0.14356199 0.84349597
vn -0.517595 -0.14356199 0.84349597
vn -0.37945905 -0.11952802 0.91745514
vn -0.37945905 -0.11952802 0.91745514
vn -0.37945905 -0.11952802 0.91745514
vn -0.446167 -0.31520298 0.837605
vn -0.446167 -0.31520298 0.837605
vn -0.446167 -0.31520298 0.837605
vn -0.446167 -0.31520298 0.837605
vn -0.482883 -0.553569 0.67851704
vn -0.482883 -0.553569 0.67851704
vn -0.482883 -0.553569 0.67851704
vn -0.482883 -0.553569 0.67851704
vn -0.41483024 -0.16743709 0.8943605
vn -0.41483024 -0.16743709 0.8943605
vn -0.41483024 -0.16743709 0.8943605
vn -0.47419992 0.24659796 0.8451768
vn -0.47419992 0.24659796 0.8451768
vn -0.47419992 0.24659796 0.8451768
vn -0.22983995 -0.9688918 0.09177298
vn -0.22983995 -0.9688918 0.09177298
vn -0.22983995 -0.9688918 0.09177298
vn -0.3945529 -0.103929974 0.91297674
vn -0.3945529 -0.103929974 0.91297674
vn -0.3945529 -0.103929974 0.91297674
vn -0.81269187 -0.29524297 0.50235796
vn -0.81269187 -0.29524297 0.50235796
vn -0.81269187 -0.29524297 0.50235796
vn -0.39548397 -0.548351 0.73682
vn -0.39548397 -0.548351 0.73682
vn -0.39548397 -0.548351 0.73682
vn -0.21961412 -0.61526334 0.7571134
vn -0.21961412 -0.61526334 0.7571134
vn -0.21961412 -0.61526334 0.7571134
vn -0.91287804 -0.028590001 -0.40723002
vn -0.91287804 -0.028590001 -0.40723002
vn -0.91287804 -0.028590001 -0.40723002
vn -0.24605007 0.9686963 0.03296801
vn -0.24605007 0.9686963 0.03296801
vn -0.24605007 0.9686963 0.03296801
vn -0.9778268 -0.08378998 0.19192195
vn -0.9778268 -0.08378998 0.19192195
vn -0.9778268 -0.08378998 0.19192195
vn -0.9962837 -0.085685976 0.008755998
vn -0.9962837 -0.085685976 0.008755998
vn -0.9962837 -0.085685976 0.008755998
vn -0.7194139 -0.20214097 0.66451687
vn -0.7194139 -0.20214097 0.66451687
vn -0.7194139 -0.20214097 0.66451687
vn -0.904749 -0.406402 0.12754099
vn -0.904749 -0.406402 0.12754099
vn -0.904749 -0.406402 0.12754099
vn -0.4680458 0.04346598 0.8826346
vn -0.4680458 0.04346598 0.8826346
vn -0.4680458 0.04346598 0.8826346
vn -0.90646 -0.378435 -0.18739599
vn -0.90646 -0.378435 -0.18739599
vn -0.90646 -0.378435 -0.18739599
vn -0.90646 -0.378435 -0.18739599
vn -0.003548998 -0.033469982 0.9994334
vn -0.003548998 -0.033469982 0.9994334
vn -0.003548998 -0.033469982 0.9994334
vn -0.003548998 -0.033469982 0.9994334
vn 0.95879805 0.058922 0.277911
vn 0.95879805 0.058922 0.277911
vn 0.95879805 0.058922 0.277911
vn 0.95879805 0.058922 0.277911
vn 0.06939202 -0.14731604 -0.98665226
vn 0.06939202 -0.14731604 -0.98665226
vn 0.06939202 -0.14731604 -0.98665226
vn 0.06939202 -0.14731604 -0.98665226
vn -0.072894 -0.16967201 -0.982801
vn -0.072894 -0.16967201 -0.982801
vn -0.072894 -0.16967201 -0.982801
vn -0.072894 -0.16967201 -0.982801
vn -0.9246707 -0.25391293 0.2837469
vn -0.9246707 -0.25391293 0.2837469
vn -0.9246707 -0.25391293 0.2837469
vn -0.9246707 -0.25391293 0.2837469
vn 0.17365304 0.025130006 0.9844862
vn 0.17365304 0.025130006 0.9844862
vn 0.17365304 0.025130006 0.9844862
vn 0.17365304 0.025130006 0.9844862
vn 0.9758508 -0.023732996 -0.21714497
vn 0.9758508 -0.023732996 -0.21714497
vn 0.9758508 -0.023732996 -0.21714497
vn 0.9758508 -0.023732996 -0.21714497
vn 0.98798305 0.115544006 -0.10266001
vn 0.98798305 0.115544006 -0.10266001
vn 0.98798305 0.115544006 -0.10266001
vn 0.98798305 0.115544006 -0.10266001
vn -0.05065198 -0.16629294 -0.9847746
vn -0.05065198 -0.16629294 -0.9847746
vn -0.05065198 -0.16629294 -0.9847746
vn -0.05065198 -0.16629294 -0.9847746
vn -0.9558063 -0.24649808 0.16022804
vn -0.9558063 -0.24649808 0.16022804
vn -0.9558063 -0.24649808 0.16022804
vn -0.9558063 -0.24649808 0.16022804
vn 0.09141797 0.023054993 0.9955457
vn 0.09141797 0.023054993 0.9955457
vn 0.09141797 0.023054993 0.9955457
vn 0.09141797 0.023054993 0.9955457
vn 0.98253405 0.16941202 0.076983005
vn 0.98253405 0.16941202 0.076983005
vn 0.98253405 0.16941202 0.076983005
vn 0.98253405 0.16941202 0.076983005
vn 0.003141001 -0.18359807 -0.9829964
vn 0.003141001 -0.18359807 -0.9829964
vn 0.003141001 -0.18359807 -0.9829964
vn 0.003141001 -0.18359807 -0.9829964
vn -0.92110276 -0.38599288 -0.050785985
vn -0.92110276 -0.38599288 -0.050785985
vn -0.92110276 -0.38599288 -0.050785985
vn -0.92110276 -0.38599288 -0.050785985
vn 0.073597 0.020224 0.997083
vn 0.073597 0.020224 0.997083
vn 0.073597 0.020224 0.997083
vn 0.073597 0.020224 0.997083
vn -0.886157 -0.431862 -0.167991
vn -0.886157 -0.431862 -0.167991
vn -0.886157 -0.431862 -0.167991
vn -0.886157 -0.431862 -0.167991
vn -0.041109994 0.094718985 0.99465483
vn -0.041109994 0.094718985 0.99465483
vn -0.041109994 0.094718985 0.99465483
vn -0.041109994 0.094718985 0.99465483
vn 0.8831097 0.43119985 0.18488894
vn 0.8831097 0.43119985 0.18488894
vn 0.8831097 0.43119985 0.18488894
vn 0.8831097 0.43119985 0.18488894
vn 0.124867 -0.17761 -0.976147
vn 0.124867 -0.17761 -0.976147
vn 0.124867 -0.17761 -0.976147
vn 0.124867 -0.17761 -0.976147
vn -0.037659004 -0.08672701 -0.99552006
vn -0.037659004 -0.08672701 -0.99552006
vn -0.037659004 -0.08672701 -0.99552006
vn -0.037659004 -0.08672701 -0.99552006
vn -0.94443774 -0.24101694 0.22349094
vn -0.94443774 -0.24101694 0.22349094
vn -0.94443774 -0.24101694 0.22349094
vn -0.94443774 -0.24101694 0.22349094
vn 0.18376297 0.10231898 0.9776308
vn 0.18376297 0.10231898 0.9776308
vn 0.18376297 0.10231898 0.9776308
vn 0.18376297 0.10231898 0.9776308
vn 0.9647518 0.26284695 -0.012864997
vn 0.9647518 0.26284695 -0.012864997
vn 0.9647518 0.26284695 -0.012864997
vn 0.9647518 0.26284695 -0.012864997
vn 0.9642428 0.25531596 -0.07105999
vn 0.9642428 0.25531596 -0.07105999
vn 0.9642428 0.25531596 -0.07105999
vn 0.9642428 0.25531596 -0.07105999
vn -0.029421998 -0.079307 -0.996416
vn -0.029421998 -0.079307 -0.996416
vn -0.029421998 -0.079307 -0.996416
vn -0.029421998 -0.079307 -0.996416
vn -0.953159 -0.25507298 0.16256
vn -0.953159 -0.25507298 0.16256
vn -0.953159 -0.25507298 0.16256
vn -0.953159 -0.25507298 0.16256
vn 0.10826195 0.061284974 0.99223155
vn 0.10826195 0.061284974 0.99223155
vn 0.10826195 0.061284974 0.99223155
vn 0.10826195 0.061284974 0.99223155
vn 0.9058096 0.42361578 0.0076619964
vn 0.9058096 0.42361578 0.0076619964
vn 0.9058096 0.42361578 0.0076619964
vn 0.9058096 0.42361578 0.0076619964
vn -0.044202022 -0.09361804 -0.99462646
vn -0.044202022 -0.09361804 -0.99462646
vn -0.044202022 -0.09361804 -0.99462646
vn -0.044202022 -0.09361804 -0.99462646
vn -0.90568405 -0.423916 -0.0056240004
vn -0.90568405 -0.423916 -0.0056240004
vn -0.90568405 -0.423916 -0.0056240004
vn -0.90568405 -0.423916 -0.0056240004
vn 0.06290097 0.07782797 0.9949805
vn 0.06290097 0.07782797 0.9949805
vn 0.06290097 0.07782797 0.9949805
vn 0.06290097 0.07782797 0.9949805
vn 0.8635434 -0.41950718 -0.2798331
vn 0.8635434 -0.41950718 -0.2798331
vn 0.8635434 -0.41950718 -0.2798331
vn -0.7603029 -0.12675199 -0.6370819
vn -0.7603029 -0.12675199 -0.6370819
vn -0.7603029 -0.12675199 -0.6370819
vn -0.74716 -0.659415 -0.083209
vn -0.74716 -0.659415 -0.083209
vn -0.74716 -0.659415 -0.083209
vn -0.74716 -0.659415 -0.083209
vn -0.026011996 0.14687598 0.98881286
vn -0.026011996 0.14687598 0.98881286
vn -0.026011996 0.14687598 0.98881286
vn -0.026011996 0.14687598 0.98881286
vn 0.88350403 0.456625 0.104471005
vn 0.88350403 0.456625 0.104471005
vn 0.88350403 0.456625 0.104471005
vn 0.88350403 0.456625 0.104471005
vn 0.078751035 -0.10982405 -0.9908264
vn 0.078751035 -0.10982405 -0.9908264
vn 0.078751035 -0.10982405 -0.9908264
vn 0.078751035 -0.10982405 -0.9908264
vn -0.023615997 -0.09146899 -0.99552786
vn -0.023615997 -0.09146899 -0.99552786
vn -0.023615997 -0.09146899 -0.99552786
vn -0.023615997 -0.09146899 -0.99552786
vn -0.8581778 -0.47122687 0.20365694
vn -0.8581778 -0.47122687 0.20365694
vn -0.8581778 -0.47122687 0.20365694
vn -0.8581778 -0.47122687 0.20365694
vn 0.22319895 0.17827095 0.9583328
vn 0.22319895 0.17827095 0.9583328
vn 0.22319895 0.17827095 0.9583328
vn 0.22319895 0.17827095 0.9583328
vn 0.9573126 0.28866288 -0.015044994
vn 0.9573126 0.28866288 -0.015044994
vn 0.9573126 0.28866288 -0.015044994
vn 0.9573126 0.28866288 -0.015044994
vn 0.96480393 0.25279197 -0.072454
vn 0.96480393 0.25279197 -0.072454
vn 0.96480393 0.25279197 -0.072454
vn 0.96480393 0.25279197 -0.072454
vn -0.0036250013 -0.07888203 -0.9968774
vn -0.0036250013 -0.07888203 -0.9968774
vn -0.0036250013 -0.07888203 -0.9968774
vn -0.0036250013 -0.07888203 -0.9968774
vn -0.87064064 -0.4721118 0.13818593
vn -0.87064064 -0.4721118 0.13818593
vn -0.87064064 -0.4721118 0.13818593
vn -0.87064064 -0.4721118 0.13818593
vn 0.19391997 0.13033497 0.97232085
vn 0.19391997 0.13033497 0.97232085
vn 0.19391997 0.13033497 0.97232085
vn 0.19391997 0.13033497 0.97232085
vn 0.9082772 0.4183611 0.0025410007
vn 0.9082772 0.4183611 0.0025410007
vn 0.9082772 0.4183611 0.0025410007
vn 0.9082772 0.4183611 0.0025410007
vn -0.0080349995 -0.120473996 -0.99268395
vn -0.0080349995 -0.120473996 -0.99268395
vn -0.0080349995 -0.120473996 -0.99268395
vn -0.0080349995 -0.120473996 -0.99268395
vn -0.778153 -0.62803304 -0.007238
vn -0.778153 -0.62803304 -0.007238
vn -0.778153 -0.62803304 -0.007238
vn -0.778153 -0.62803304 -0.007238
vn 0.13433301 0.14283402 0.98058814
vn 0.13433301 0.14283402 0.98058814
vn 0.13433301 0.14283402 0.98058814
vn 0.13433301 0.14283402 0.98058814
vn 0.40798202 -0.113208 -0.90594405
vn 0.40798202 -0.113208 -0.90594405
vn 0.40798202 -0.113208 -0.90594405
vn 0.40798202 -0.113208 -0.90594405
vn 0.80750674 -0.110912964 0.5793368
vn 0.80750674 -0.110912964 0.5793368
vn 0.80750674 -0.110912964 0.5793368
vn 0.80750674 -0.110912964 0.5793368
vn -0.49733293 -0.06925799 0.8647909
vn -0.49733293 -0.06925799 0.8647909
vn -0.49733293 -0.06925799 0.8647909
vn -0.49733293 -0.06925799 0.8647909
vn -0.6657068 -0.3569729 -0.6552898
vn -0.6657068 -0.3569729 -0.6552898
vn -0.6657068 -0.3569729 -0.6552898
vn -0.8692569 -0.48685396 -0.08582299
vn -0.8692569 -0.48685396 -0.08582299
vn -0.8692569 -0.48685396 -0.08582299
vn 0.003674998 0.06849896 -0.9976444
vn 0.003674998 0.06849896 -0.9976444
vn 0.003674998 0.06849896 -0.9976444
vn 0.97313875 0.04077899 -0.22657895
vn 0.97313875 0.04077899 -0.22657895
vn 0.97313875 0.04077899 -0.22657895
vn -0.14788695 -0.5486468 -0.8228707
vn -0.14788695 -0.5486468 -0.8228707
vn -0.14788695 -0.5486468 -0.8228707
vn 0.90785474 -0.41400388 0.06633698
vn 0.90785474 -0.41400388 0.06633698
vn 0.90785474 -0.41400388 0.06633698
vn 0.93392104 -0.34948802 -0.075164005
vn 0.93392104 -0.34948802 -0.075164005
vn 0.93392104 -0.34948802 -0.075164005
vn -0.48520693 0.5265019 -0.69811887
vn -0.48520693 0.5265019 -0.69811887
vn -0.48520693 0.5265019 -0.69811887
vn -0.30387285 -0.02272299 -0.9524416
vn -0.30387285 -0.02272299 -0.9524416
vn -0.30387285 -0.02272299 -0.9524416
vn 0.029131008 -0.19824106 -0.9797203
vn 0.029131008 -0.19824106 -0.9797203
vn 0.029131008 -0.19824106 -0.9797203
vn 0.7786067 -0.61713177 -0.11366596
vn 0.7786067 -0.61713177 -0.11366596
vn 0.7786067 -0.61713177 -0.11366596
vn -0.47428817 0.24615209 0.8452573
vn -0.47428817 0.24615209 0.8452573
vn -0.47428817 0.24615209 0.8452573
vn -0.912165 0.17905399 0.368639
vn -0.912165 0.17905399 0.368639
vn -0.912165 0.17905399 0.368639
vn -0.6284042 -0.47246012 0.6179722
vn -0.6284042 -0.47246012 0.6179722
vn -0.6284042 -0.47246012 0.6179722
vn -0.72528714 -0.18200603 0.6639521
vn -0.72528714 -0.18200603 0.6639521
vn -0.72528714 -0.18200603 0.6639521
vn -0.41504675 0.8973765 0.14983891
vn -0.41504675 0.8973765 0.14983891
vn -0.41504675 0.8973765 0.14983891
vn -0.28667584 0.9403885 -0.1829929
vn -0.28667584 0.9403885 -0.1829929
vn -0.28667584 0.9403885 -0.1829929
vn -0.77179646 0.25418183 0.5828566
vn -0.77179646 0.25418183 0.5828566
vn -0.77179646 0.25418183 0.5828566
vn -0.90819556 0.02379999 0.41786882
vn -0.90819556 0.02379999 0.41786882
vn -0.90819556 0.02379999 0.41786882
vn -0.9247156 0.12423795 0.35981384
vn -0.9247156 0.12423795 0.35981384
vn -0.9247156 0.12423795 0.35981384
vn -0.9977531 0.030937003 0.059428006
vn -0.9977531 0.030937003 0.059428006
vn -0.9977531 0.030937003 0.059428006
vn -0.9616357 -0.23326392 0.14437696
vn -0.9616357 -0.23326392 0.14437696
vn -0.9616357 -0.23326392 0.14437696
vn -0.80924416 0.5507241 0.20451604
vn -0.80924416 0.5507241 0.20451604
vn -0.80924416 0.5507241 0.20451604
vn -0.9838254 -0.15290806 0.093310036
vn -0.9838254 -0.15290806 0.093310036
vn -0.9838254 -0.15290806 0.093310036
vn -0.027060395 0.9993524 0.023717143
vn -0.027060395 0.9993524 0.023717143
vn -0.027060395 0.9993524 0.023717143
vn -0.027060395 0.9993524 0.023717143
vn -0.027060395 -0.9993524 -0.023717143
vn -0.027060395 -0.9993524 -0.023717143
vn -0.027060395 -0.9993524 -0.023717143
vn -0.027060395 -0.9993524 -0.023717143
vn 0 -0.11073787 0.99384964
vn 0 -0.11073787 0.99384964
vn 0 -0.11073787 0.99384964
vn 0 -0.11073787 0.99384964
vn 0 -0.5282905 -0.8490637
vn 0 -0.5282905 -0.8490637
vn 0 0.19896768 0.98000604
vn 0 0.19896768 0.98000604
vn 0.03982842 -0.9987846 -0.029035527
vn 0.03982842 -0.9987846 -0.029035527
vn 0.03982842 -0.9987846 -0.029035527
vn 0.03982842 -0.9987846 -0.029035527
vn 0.03982842 0.9987846 0.029035527
vn 0.03982842 0.9987846 0.029035527
vn 0.03982842 0.9987846 0.029035527
vn 0.03982842 0.9987846 0.029035527
# 3776 vertex normals

s 1
f 1//1 15//2 16//3 3//4
f 3//5 16//6 46//7 19//8
f 5//9 14//10 7//11
f 15//12 1//13 20//14 21//15 2//16
f 2//17 21//18 22//19 4//20
f 20//21 1//22 3//23 19//24
f 10//25 17//26 23//27
f 11//28 8//29 12//30
f 6//31 12//32 8//33
f 13//34 6//35 8//36 14//37
f 16//38 15//39 2//40 4//41
f 4//42 46//43 16//44
f 5//45 11//46 17//47
f 11//48 7//49 14//50 8//51
f 23//52 18//53 10//54
f 20//55 11//56 12//57 21//58
f 22//59 21//60 12//61 9//62
f 22//63 10//64 18//65
f 23//66 17//67 11//68
f 10//69 22//70 9//71
f 11//72 20//73 19//74
f 7//75 11//76 5//77
f 11//78 19//79 23//80
f 19//81 18//82 23//83
f 13//84 5//85 25//86 24//87
f 5//88 17//89 25//90
f 17//91 10//92 26//93 25//94
f 10//95 9//96 27//97 26//98
f 9//99 6//100 28//101 27//102
f 6//103 13//104 24//105 28//106
f 47//107 25//108 30//109
f 25//110 26//111 31//112 30//113
f 26//114 27//115 32//116 31//117
f 27//118 28//119 33//120 32//121
f 28//122 24//123 29//124 33//125
f 35//126 47//127 30//128 36//129
f 30//130 31//131 37//132 36//133
f 31//134 32//135 38//136 37//137
f 32//138 33//139 39//140 38//141
f 33//142 29//143 34//144 39//145
f 34//146 41//147 40//148
f 35//149 36//150 42//151 41//152
f 36//153 37//154 43//155 42//156
f 37//157 38//158 44//159 43//160
f 38//161 39//162 45//163 44//164
f 39//165 34//166 40//167 45//168
f 5//169 13//170 14//171
f 9//172 12//173 6//174
f 34//175 35//176 41//177
f 22//178 18//179 46//180 4//181
f 19//182 46//183 18//184
f 29//185 47//186 35//187
f 24//188 47//189 29//190
f 24//191 25//192 47//193
f 29//194 35//195 34//196
f 48//197 62//198 63//199 50//200
f 50//201 63//202 93//203 66//204
f 52//205 61//206 54//207
f 62//208 48//209 67//210 68//211 49//212
f 49//213 68//214 69//215 51//216
f 67//217 48//218 50//219 66//220
f 57//221 64//222 70//223
f 58//224 55//225 59//226
f 53//227 59//228 55//229
f 60//230 53//231 55//232 61//233
f 63//234 62//235 49//236 51//237
f 51//238 93//239 63//240
f 52//241 58//242 64//243
f 58//244 54//245 61//246 55//247
f 70//248 65//249 57//250
f 67//251 58//252 59//253 68//254
f 69//255 68//256 59//257 56//258
f 69//259 57//260 65//261
f 70//262 64//263 58//264
f 57//265 69//266 56//267
f 58//268 67//269 66//270
f 54//271 58//272 52//273
f 58//274 66//275 70//276
f 66//277 65//278 70//279
f 60//280 52//281 72//282 71//283
f 52//284 64//285 72//286
f 64//287 57//288 73//289 72//290
f 57//291 56//292 74//293 73//294
f 56//295 53//296 75//297 74//298
f 53//299 60//300 71//301 75//302
f 94//303 72//304 77//305
f 72//306 73//307 78//308 77//309
f 73//310 74//311 79//312 78//313
f 74//314 75//315 80//316 79//317
f 75//318 71//319 76//320 80//321
f 82//322 94//323 77//324 83//325
f 77//326 78//327 84//328 83//329
f 78//330 79//331 85//332 84//333
f 79//334 80//335 86//336 85//337
f 80//338 76//339 81//340 86//341
f 81//342 88//343 87//344
f 82//345 83//346 89//347 88//348
f 83//349 84//350 90//351 89//352
f 84//353 85//354 91//355 90//356
f 85//357 86//358 92//359 91//360
f 86//361 81//362 87//363 92//364
f 52//365 60//366 61//367
f 56//368 59//369 53//370
f 81//371 82//372 88//373
f 69//374 65//375 93//376 51//377
f 66//378 93//379 65//380
f 76//381 94//382 82//383
f 71//384 94//385 76//386
f 71//387 72//388 94//389
f 76//390 82//391 81//392
f 352//393 96//394 356//395
f 103//396 353//397 104//398
f 353//399 99//400 354//401
f 354//402 100//403 106//404
f 100//405 95//406 101//407 106//408
f 351//409 102//410 358//411 359//412
f 102//413 103//414 378//415
f 103//416 104//417 378//418
f 104//419 355//420 362//421
f 355//422 106//423 361//424
f 106//425 101//426 360//427 361//428
f 132//429 269//430 114//431
f 269//432 115//433 114//434
f 109//435 110//436 116//437 115//438
f 270//439 116//440 110//441 111//442
f 375//443 112//444 118//445 117//446
f 112//447 107//448 113//449 118//450
f 119//451 114//452 138//453 139//454
f 268//455 133//456 134//457
f 127//458 132//459 114//460 119//461
f 120//462 128//463 136//464 137//465
f 125//466 376//467 132//468 127//469
f 136//470 128//471 126//472 135//473
f 138//474 120//475 137//476
f 123//477 134//478 133//479
f 135//480 134//481 131//482 124//483
f 129//484 136//485 135//486 124//487
f 137//488 136//489 129//490 122//491
f 130//492 137//493 122//494
f 139//495 138//496 130//497 121//498
f 386//499 141//500 146//501
f 143//502 147//503 142//504
f 380//505 149//506 379//507
f 380//508 389//509 149//510
f 266//511 146//512 151//513
f 152//514 145//515 150//516
f 153//517 151//518 154//519
f 154//520 147//521 155//522
f 155//523 148//524 156//525
f 156//526 149//527 157//528
f 158//529 157//530 150//531
f 153//532 158//533 266//534
f 179//535 160//536 175//537
f 161//538 162//539 167//540
f 165//541 230//542 265//543
f 174//544 160//545 170//546
f 168//547 167//548 163//549
f 166//550 174//551 170//552
f 173//553 178//554 174//555
f 162//556 178//557 167//558
f 162//559 171//560 179//561
f 177//562 179//563 159//564
f 177//565 159//566 244//567
f 231//568 165//569 176//570
f 175//571 174//572 178//573
f 175//574 178//575 162//576
f 243//577 178//578 173//579
f 167//580 178//581 243//582
f 211//583 179//584 171//585
f 160//586 179//587 177//588
f 203//589 186//590 195//591
f 225//592 168//593 200//594
f 196//595 185//596 206//597 207//598
f 223//599 205//600 190//601
f 198//602 240//603 172//604
f 212//605 194//606 211//607 171//608
f 197//609 172//610 239//611
f 195//612 186//613 188//614
f 223//615 190//616 191//617
f 196//618 239//619 185//620
f 190//621 205//622 206//623 185//624
f 189//625 190//626 185//627
f 200//628 452//629 199//630
f 209//631 210//632 194//633
f 187//634 195//635 183//636
f 187//637 203//638 195//639
f 184//640 196//641 207//642 208//643
f 182//644 197//645 184//646
f 182//647 198//648 197//649
f 181//650 199//651 182//652
f 193//653 241//654 199//655 181//656
f 121//657 130//658 221//659 222//660
f 130//661 122//662 220//663 221//664
f 122//665 129//666 219//667 220//668
f 218//669 219//670 129//671 124//672
f 217//673 218//674 124//675 131//676
f 216//677 217//678 131//679 123//680
f 209//681 194//682 212//683 213//684
f 183//685 195//686 210//687
f 195//688 188//689 210//690
f 210//691 188//692 211//693 194//694
f 201//695 212//696 171//697 161//698
f 213//699 212//700 201//701 180//702
f 202//703 203//704 187//705
f 214//706 204//707 203//708
f 202//709 214//710 203//711
f 215//712 214//713 202//714
f 183//715 210//716 209//717
f 208//718 207//719 217//720 216//721
f 207//722 206//723 218//724 217//725
f 206//726 205//727 219//728 218//729
f 220//730 219//731 205//732 204//733
f 221//734 220//735 204//736 214//737
f 222//738 221//739 214//740 215//741
f 188//742 191//743 169//744
f 186//745 223//746 191//747
f 204//748 205//749 223//750 186//751
f 180//752 201//753 225//754 224//755
f 225//756 161//757 168//758
f 224//759 225//760 227//761 226//762
f 225//763 200//764 228//765 227//766
f 200//767 241//768 242//769 228//770
f 159//771 231//772 176//773
f 192//774 232//775 165//776 231//777
f 232//778 230//779 165//780
f 450//781 172//782 240//783
f 188//784 169//785 211//786
f 159//787 179//788 169//789
f 162//790 179//791 175//792
f 159//793 192//794 231//795
f 172//796 230//797 232//798
f 200//799 168//800 452//801
f 170//802 245//803 246//804
f 244//805 159//806 176//807
f 165//808 265//809 248//810
f 166//811 170//812 246//813
f 176//814 248//815 249//816
f 232//817 192//818 189//819
f 239//820 232//821 189//822
f 185//823 239//824 189//825
f 192//826 191//827 189//828
f 186//829 191//830 188//831
f 201//832 161//833 225//834
f 164//835 173//836 166//837
f 163//838 167//839 243//840
f 230//841 450//842 164//843
f 239//844 172//845 232//846
f 199//847 163//848 240//849
f 243//850 164//851 450//852
f 241//853 200//854 199//855
f 242//856 241//857 193//858 229//859
f 182//860 199//861 198//862
f 191//863 159//864 169//865
f 159//866 191//867 192//868
f 164//869 243//870 173//871
f 240//872 163//873 243//874
f 235//875 234//876 264//877
f 247//878 246//879 253//880
f 248//881 247//882 252//883
f 249//884 248//885 267//886
f 250//887 233//888 236//889
f 199//890 240//891 198//892
f 198//893 172//894 197//895
f 173//896 174//897 166//898
f 161//899 167//900 168//901
f 161//902 171//903 162//904
f 147//905 151//906 142//907
f 145//908 146//909 150//910
f 246//911 245//912 253//913
f 245//914 263//915 264//916
f 244//917 249//918 250//919
f 266//920 151//921 153//922
f 149//923 152//924 157//925
f 151//926 147//927 154//928
f 147//929 148//930 155//931
f 251//932 234//933 238//934
f 252//935 260//936 237//937
f 233//938 267//939 237//940
f 253//941 245//942 234//943
f 247//944 253//945 251//946
f 265//947 166//948 246//949
f 234//950 235//951 262//952
f 235//953 256//954 255//955
f 236//956 233//957 257//958 256//959
f 237//960 260//961 258//962
f 238//963 234//964 262//965
f 233//966 237//967 258//968 257//969
f 157//970 254//971 156//972
f 156//973 256//974 155//975
f 256//976 257//977 154//978 155//979
f 260//980 261//981 258//982
f 259//983 254//984 157//985 158//986
f 257//987 258//988 153//989 154//990
f 244//991 176//992 249//993
f 250//994 249//995 233//996
f 148//997 149//998 156//999
f 252//1000 251//1001 260//1002
f 260//1003 251//1004 238//1005
f 238//1006 261//1007 260//1008
f 259//1009 158//1010 261//1011
f 261//1012 158//1013 153//1014
f 258//1015 261//1016 153//1017
f 259//1018 261//1019 238//1020
f 262//1021 255//1022 254//1023
f 238//1024 262//1025 254//1026 259//1027
f 244//1028 263//1029 177//1030
f 264//1031 263//1032 244//1033 250//1034
f 235//1035 264//1036 236//1037
f 177//1038 263//1039 160//1040
f 236//1041 264//1042 250//1043
f 245//1044 170//1045 263//1046
f 184//1047 197//1048 196//1049
f 235//1050 236//1051 256//1052
f 262//1053 235//1054 255//1055
f 265//1056 230//1057 164//1058
f 248//1059 265//1060 247//1061
f 265//1062 164//1063 166//1064
f 246//1065 247//1066 265//1067
f 150//1068 146//1069 266//1070
f 156//1071 255//1072 256//1073
f 251//1074 253//1075 234//1076
f 175//1077 160//1078 174//1079
f 233//1080 249//1081 267//1082
f 267//1083 248//1084 252//1085
f 237//1086 267//1087 252//1088
f 266//1089 158//1090 150//1091
f 191//1092 190//1093 189//1094
f 350//1095 108//1096 132//1097
f 268//1098 134//1099 135//1100 126//1101
f 268//1102 271//1103 133//1104
f 132//1105 108//1106 269//1107
f 108//1108 109//1109 115//1110 269//1111
f 138//1112 114//1113 115//1114
f 117//1115 270//1116 111//1117 375//1118
f 115//1119 116//1120 120//1121
f 116//1122 270//1123 128//1124 120//1125
f 270//1126 117//1127 126//1128 128//1129
f 117//1130 118//1131 268//1132 126//1133
f 118//1134 113//1135 268//1136
f 113//1137 125//1138 271//1139
f 113//1140 271//1141 268//1142
f 287//1143 299//1144 309//1145
f 274//1146 311//1147 312//1148 282//1149
f 280//1150 343//1151 273//1152
f 278//1153 337//1154 341//1155 342//1156
f 282//1157 312//1158 276//1159
f 276//1160 338//1161 336//1162 283//1163
f 397//1164 284//1165 277//1166
f 275//1167 307//1168 397//1169
f 317//1170 292//1171 320//1172
f 290//1173 320//1174 314//1175
f 300//1176 289//1177 298//1178 324//1179
f 317//1180 297//1181 298//1182
f 295//1183 299//1184 287//1185
f 325//1186 301//1187 305//1188
f 309//1189 296//1190 321//1191
f 296//1192 303//1193 324//1194 298//1195
f 323//1196 305//1197 304//1198
f 300//1199 304//1200 289//1201
f 395//1202 294//1203 394//1204
f 272//1205 273//1206 318//1207
f 310//1208 326//1209 309//1210
f 297//1211 308//1212 286//1213
f 317//1214 290//1215 308//1216
f 321//1217 310//1218 309//1219
f 311//1220 310//1221 275//1222
f 312//1223 311//1224 275//1225
f 317//1226 308//1227 297//1228
f 313//1229 315//1230 281//1231
f 279//1232 314//1233 327//1234
f 320//1235 292//1236 315//1237
f 286//1238 316//1239 307//1240
f 316//1241 308//1242 285//1243
f 289//1244 317//1245 298//1246
f 290//1247 317//1248 320//1249
f 318//1250 315//1251 294//1252
f 294//1253 396//1254 318//1255
f 313//1256 320//1257 315//1258
f 286//1259 321//1260 297//1261
f 307//1262 310//1263 321//1264 286//1265
f 451//1266 300//1267 299//1268
f 295//1269 288//1270 299//1271
f 324//1272 303//1273 300//1274
f 325//1275 305//1276 291//1277
f 305//1278 301//1279 304//1280
f 304//1281 301//1282 292//1283
f 326//1284 287//1285 309//1286
f 396//1287 294//1288 395//1289
f 327//1290 314//1291 339//1292
f 314//1293 329//1294 332//1295 330//1296
f 328//1297 285//1298 331//1299
f 333//1300 290//1301 314//1302
f 335//1303 328//1304 331//1305
f 332//1306 329//1307 335//1308
f 284//1309 328//1310 329//1311 279//1312
f 283//1313 336//1314 337//1315 278//1316
f 333//1317 332//1318 334//1319
f 335//1320 329//1321 328//1322
f 336//1323 277//1324 284//1325
f 337//1326 336//1327 284//1328
f 341//1329 337//1330 279//1331
f 338//1332 312//1333 277//1334
f 336//1335 338//1336 277//1337
f 339//1338 313//1339 281//1340
f 339//1341 314//1342 313//1343
f 274//1344 326//1345 310//1346 311//1347
f 298//1348 297//1349 296//1350
f 327//1351 341//1352 279//1353
f 275//1354 397//1355 277//1356
f 333//1357 330//1358 332//1359
f 304//1360 292//1361 289//1362
f 294//1363 292//1364 301//1365
f 273//1366 281//1367 315//1368
f 280//1369 273//1370 272//1371
f 340//1372 343//1373 280//1374
f 343//1375 339//1376 281//1377
f 273//1378 343//1379 281//1380
f 272//1381 318//1382 319//1383
f 331//1384 285//1385 333//1386 334//1387
f 334//1388 335//1389 331//1390
f 334//1391 332//1392 335//1393
f 343//1394 227//1395 339//1396
f 227//1397 228//1398 327//1399 339//1400
f 228//1401 242//1402 341//1403 327//1404
f 242//1405 229//1406 342//1407 341//1408
f 95//1409 100//1410 344//1411 345//1412
f 100//1413 99//1414 346//1415 344//1416
f 99//1417 98//1418 347//1419 346//1420
f 98//1421 97//1422 348//1423 347//1424
f 97//1425 96//1426 349//1427 348//1428
f 96//1429 352//1430 349//1431
f 376//1432 350//1433 132//1434
f 101//1435 351//1436 359//1437 360//1438
f 95//1439 352//1440 377//1441
f 349//1442 352//1443 345//1444
f 345//1445 352//1446 95//1447
f 96//1448 97//1449 103//1450 356//1451
f 97//1452 98//1453 353//1454 103//1455
f 98//1456 99//1457 353//1458
f 353//1459 354//1460 105//1461
f 353//1462 105//1463 104//1464
f 104//1465 105//1466 355//1467
f 105//1468 106//1469 355//1470
f 356//1471 103//1472 102//1473
f 351//1474 356//1475 102//1476
f 352//1477 356//1478 377//1479
f 354//1480 106//1481 105//1482
f 99//1483 100//1484 354//1485
f 358//1486 357//1487 109//1488 108//1489
f 359//1490 358//1491 108//1492 350//1493
f 360//1494 359//1495 350//1496 107//1497
f 361//1498 360//1499 107//1500 112//1501
f 355//1502 361//1503 112//1504 375//1505
f 362//1506 355//1507 111//1508 110//1509
f 357//1510 362//1511 110//1512 109//1513
f 203//1514 204//1515 186//1516
f 314//1517 330//1518 333//1519
f 252//1520 247//1521 251//1522
f 123//1523 131//1524 134//1525
f 169//1526 179//1527 211//1528
f 369//1529 141//1530 367//1531
f 431//1532 430//1533 432//1534 433//1535
f 144//1536 364//1537 365//1538
f 141//1539 386//1540 367//1541
f 144//1542 365//1543 387//1544 392//1545
f 382//1546 383//1547 384//1548 385//1549
f 142//1550 374//1551 371//1552
f 434//1553 435//1554 436//1555 437//1556
f 373//1557 141//1558 369//1559
f 372//1560 364//1561 144//1562
f 337//1563 284//1564 279//1565
f 379//1566 148//1567 143//1568
f 371//1569 143//1570 142//1571
f 148//1572 147//1573 143//1574
f 149//1575 389//1576 152//1577
f 371//1578 363//1579 143//1580
f 115//1581 120//1582 138//1583
f 355//1584 375//1585 111//1586
f 125//1587 113//1588 376//1589
f 107//1590 376//1591 113//1592
f 107//1593 350//1594 376//1595
f 156//1596 254//1597 255//1598
f 226//1599 227//1600 343//1601 340//1602
f 263//1603 170//1604 160//1605
f 264//1606 234//1607 245//1608
f 377//1609 356//1610 351//1611
f 101//1612 377//1613 351//1614
f 95//1615 377//1616 101//1617
f 378//1618 104//1619 362//1620 357//1621
f 102//1622 378//1623 357//1624 358//1625
f 363//1626 379//1627 143//1628
f 372//1629 379//1630 363//1631
f 144//1632 380//1633 379//1634
f 144//1635 392//1636 389//1637 380//1638
f 279//1639 329//1640 314//1641
f 176//1642 165//1643 248//1644
f 381//1645 370//1646 372//1647
f 372//1648 363//1649 448//1650 449//1651
f 449//1652 384//1653 446//1654
f 140//1655 386//1656 145//1657
f 367//1658 386//1659 140//1660 366//1661
f 439//1662 438//1663 440//1664 441//1665
f 389//1666 388//1667 140//1668 145//1669
f 152//1670 389//1671 145//1672
f 379//1673 149//1674 148//1675
f 386//1676 146//1677 145//1678
f 146//1679 390//1680 151//1681
f 141//1682 390//1683 146//1684
f 381//1685 390//1686 141//1687
f 388//1688 391//1689 366//1690 140//1691
f 388//1692 368//1693 391//1694
f 443//1695 442//1696 444//1697 445//1698
f 388//1699 392//1700 368//1701
f 389//1702 392//1703 388//1704
f 368//1705 392//1706 387//1707
f 144//1708 379//1709 372//1710
f 371//1711 374//1712 446//1713 447//1714
f 363//1715 371//1716 447//1717 448//1718
f 318//1719 273//1720 315//1721
f 323//1722 304//1723 300//1724
f 323//1725 288//1726 322//1727
f 291//1728 305//1729 323//1730 322//1731
f 318//1732 306//1733 319//1734
f 394//1735 294//1736 301//1737
f 302//1738 394//1739 301//1740
f 293//1741 395//1742 394//1743 393//1744
f 306//1745 396//1746 395//1747 293//1748
f 318//1749 396//1750 306//1751
f 299//1752 288//1753 451//1754
f 302//1755 301//1756 325//1757
f 393//1758 394//1759 302//1760
f 315//1761 292//1762 294//1763
f 303//1764 296//1765 309//1766
f 297//1767 321//1768 296//1769
f 150//1770 157//1771 152//1772
f 276//1773 312//1774 338//1775
f 285//1776 397//1777 316//1778
f 328//1779 397//1780 285//1781
f 289//1782 292//1783 317//1784
f 314//1785 320//1786 313//1787
f 130//1788 138//1789 137//1790
f 366//1791 391//1792 398//1793 399//1794
f 391//1795 369//1796 400//1797 398//1798
f 369//1799 367//1800 401//1801 400//1802
f 367//1803 366//1804 399//1805 401//1806
f 370//1807 387//1808 403//1809 402//1810
f 387//1811 365//1812 404//1813 403//1814
f 365//1815 364//1816 405//1817 404//1818
f 364//1819 370//1820 402//1821 405//1822
f 370//1823 373//1824 406//1825 407//1826
f 373//1827 368//1828 408//1829 406//1830
f 368//1831 387//1832 409//1833 408//1834
f 387//1835 370//1836 407//1837 409//1838
f 373//1839 369//1840 410//1841 411//1842
f 369//1843 391//1844 412//1845 410//1846
f 391//1847 368//1848 413//1849 412//1850
f 368//1851 373//1852 411//1853 413//1854
f 399//1855 398//1856 414//1857 415//1858
f 398//1859 400//1860 416//1861 414//1862
f 400//1863 401//1864 417//1865 416//1866
f 401//1867 399//1868 415//1869 417//1870
f 402//1871 403//1872 419//1873 418//1874
f 403//1875 404//1876 420//1877 419//1878
f 404//1879 405//1880 421//1881 420//1882
f 405//1883 402//1884 418//1885 421//1886
f 407//1887 406//1888 422//1889 423//1890
f 406//1891 408//1892 424//1893 422//1894
f 408//1895 409//1896 425//1897 424//1898
f 409//1899 407//1900 423//1901 425//1902
f 411//1903 410//1904 426//1905 427//1906
f 410//1907 412//1908 428//1909 426//1910
f 412//1911 413//1912 429//1913 428//1914
f 413//1915 411//1916 427//1917 429//1918
f 372//1919 370//1920 364//1921
f 449//1922 385//1923 384//1924
f 415//1925 414//1926 430//1927 431//1928
f 414//1929 416//1930 432//1931 430//1932
f 416//1933 417//1934 433//1935 432//1936
f 417//1937 415//1938 431//1939 433//1940
f 418//1941 419//1942 435//1943 434//1944
f 419//1945 420//1946 436//1947 435//1948
f 420//1949 421//1950 437//1951 436//1952
f 421//1953 418//1954 434//1955 437//1956
f 423//1957 422//1958 438//1959 439//1960
f 422//1961 424//1962 440//1963 438//1964
f 424//1965 425//1966 441//1967 440//1968
f 425//1969 423//1970 439//1971 441//1972
f 427//1973 426//1974 442//1975 443//1976
f 426//1977 428//1978 444//1979 442//1980
f 428//1981 429//1982 445//1983 444//1984
f 429//1985 427//1986 443//1987 445//1988
f 447//1989 446//1990 384//1991 383//1992
f 448//1993 447//1994 383//1995 382//1996
f 449//1997 448//1998 382//1999 385//2000
f 374//2001 449//2002 446//2003
f 372//2004 449//2005 381//2006
f 142//2007 381//2008 374//2009
f 142//2010 151//2011 390//2012
f 381//2013 449//2014 374//2015
f 381//2016 141//2017 373//2018
f 381//2019 373//2020 370//2021
f 243//2022 450//2023 240//2024
f 230//2025 172//2026 450//2027
f 197//2028 239//2029 196//2030
f 142//2031 390//2032 381//2033
f 451//2034 288//2035 323//2036
f 323//2037 300//2038 451//2039
f 309//2040 299//2041 303//2042
f 300//2043 303//2044 299//2045
f 452//2046 168//2047 163//2048
f 199//2049 452//2050 163//2051
f 275//2052 310//2053 307//2054
f 308//2055 316//2056 286//2057
f 397//2058 307//2059 316//2060
f 290//2061 333//2062 308//2063
f 285//2064 308//2065 333//2066
f 277//2067 312//2068 275//2069
f 328//2070 284//2071 397//2072
f 714//2073 454//2074 710//2075
f 462//2076 711//2077 461//2078
f 712//2079 457//2080 711//2081
f 464//2082 458//2083 712//2084
f 464//2085 459//2086 453//2087 458//2088
f 717//2089 716//2090 460//2091 709//2092
f 736//2093 461//2094 460//2095
f 736//2096 462//2097 461//2098
f 720//2099 713//2100 462//2101
f 719//2102 464//2103 713//2104
f 719//2105 718//2106 459//2107 464//2108
f 472//2109 627//2110 490//2111
f 472//2112 473//2113 627//2114
f 473//2115 474//2116 468//2117 467//2118
f 469//2119 468//2120 474//2121 628//2122
f 475//2123 476//2124 470//2125 733//2126
f 476//2127 471//2128 465//2129 470//2130
f 497//2131 496//2132 472//2133 477//2134
f 492//2135 491//2136 626//2137
f 477//2138 472//2139 490//2140 485//2141
f 495//2142 494//2143 486//2144 478//2145
f 485//2146 490//2147 734//2148 483//2149
f 493//2150 484//2151 486//2152 494//2153
f 495//2154 478//2155 496//2156
f 491//2157 492//2158 481//2159
f 482//2160 489//2161 492//2162 493//2163
f 482//2164 493//2165 494//2166 487//2167
f 480//2168 487//2169 494//2170 495//2171
f 480//2172 495//2173 488//2174
f 479//2175 488//2176 496//2177 497//2178
f 504//2179 499//2180 744//2181
f 500//2182 505//2183 501//2184
f 737//2185 507//2186 738//2187
f 507//2188 747//2189 738//2190
f 509//2191 504//2192 624//2193
f 508//2194 503//2195 510//2196
f 512//2197 509//2198 511//2199
f 513//2200 505//2201 512//2202
f 514//2203 506//2204 513//2205
f 515//2206 507//2207 514//2208
f 508//2209 515//2210 516//2211
f 624//2212 516//2213 511//2214
f 533//2215 518//2216 537//2217
f 525//2218 520//2219 519//2220
f 623//2221 588//2222 523//2223
f 528//2224 518//2225 532//2226
f 521//2227 525//2228 526//2229
f 528//2230 532//2231 524//2232
f 532//2233 536//2234 531//2235
f 525//2236 536//2237 520//2238
f 537//2239 529//2240 520//2241
f 517//2242 537//2243 535//2244
f 602//2245 517//2246 535//2247
f 534//2248 523//2249 589//2250
f 536//2251 532//2252 533//2253
f 520//2254 536//2255 533//2256
f 531//2257 536//2258 601//2259
f 601//2260 536//2261 525//2262
f 529//2263 537//2264 569//2265
f 535//2266 537//2267 518//2268
f 553//2269 544//2270 561//2271
f 558//2272 526//2273 583//2274
f 565//2275 564//2276 543//2277 554//2278
f 548//2279 563//2280 581//2281
f 530//2282 598//2283 556//2284
f 529//2285 569//2286 552//2287 570//2288
f 597//2289 530//2290 555//2291
f 546//2292 544//2293 553//2294
f 549//2295 548//2296 581//2297
f 543//2298 597//2299 554//2300
f 543//2301 564//2302 563//2303 548//2304
f 543//2305 548//2306 547//2307
f 557//2308 810//2309 558//2310
f 552//2311 568//2312 567//2313
f 541//2314 553//2315 545//2316
f 553//2317 561//2318 545//2319
f 566//2320 565//2321 554//2322 542//2323
f 542//2324 555//2325 540//2326
f 555//2327 556//2328 540//2329
f 540//2330 557//2331 539//2332
f 539//2333 557//2334 599//2335 551//2336
f 580//2337 579//2338 488//2339 479//2340
f 579//2341 578//2342 480//2343 488//2344
f 578//2345 577//2346 487//2347 480//2348
f 482//2349 487//2350 577//2351 576//2352
f 489//2353 482//2354 576//2355 575//2356
f 481//2357 489//2358 575//2359 574//2360
f 571//2361 570//2362 552//2363 567//2364
f 568//2365 553//2366 541//2367
f 568//2368 546//2369 553//2370
f 552//2371 569//2372 546//2373 568//2374
f 519//2375 529//2376 570//2377 559//2378
f 538//2379 559//2380 570//2381 571//2382
f 545//2383 561//2384 560//2385
f 561//2386 562//2387 572//2388
f 561//2389 572//2390 560//2391
f 560//2392 572//2393 573//2394
f 567//2395 568//2396 541//2397
f 574//2398 575//2399 565//2400 566//2401
f 575//2402 576//2403 564//2404 565//2405
f 576//2406 577//2407 563//2408 564//2409
f 562//2410 563//2411 577//2412 578//2413
f 572//2414 562//2415 578//2416 579//2417
f 573//2418 572//2419 579//2420 580//2421
f 527//2422 549//2423 546//2424
f 549//2425 581//2426 544//2427
f 544//2428 581//2429 563//2430 562//2431
f 582//2432 583//2433 559//2434 538//2435
f 526//2436 519//2437 583//2438
f 584//2439 585//2440 583//2441 582//2442
f 585//2443 586//2444 558//2445 583//2446
f 586//2447 600//2448 599//2449 558//2450
f 534//2451 589//2452 517//2453
f 589//2454 523//2455 590//2456 550//2457
f 523//2458 588//2459 590//2460
f 598//2461 530//2462 808//2463
f 569//2464 527//2465 546//2466
f 527//2467 537//2468 517//2469
f 533//2470 537//2471 520//2472
f 589//2473 550//2474 517//2475
f 590//2476 588//2477 530//2478
f 810//2479 526//2480 558//2481
f 604//2482 603//2483 528//2484
f 534//2485 517//2486 602//2487
f 606//2488 623//2489 523//2490
f 604//2491 528//2492 524//2493
f 607//2494 606//2495 534//2496
f 547//2497 550//2498 590//2499
f 547//2500 590//2501 597//2502
f 547//2503 597//2504 543//2505
f 547//2506 549//2507 550//2508
f 546//2509 549//2510 544//2511
f 583//2512 519//2513 559//2514
f 524//2515 531//2516 522//2517
f 601//2518 525//2519 521//2520
f 522//2521 808//2522 588//2523
f 590//2524 530//2525 597//2526
f 598//2527 521//2528 557//2529
f 808//2530 522//2531 601//2532
f 557//2533 558//2534 599//2535
f 587//2536 551//2537 599//2538 600//2539
f 556//2540 557//2541 540//2542
f 527//2543 517//2544 549//2545
f 550//2546 549//2547 517//2548
f 531//2549 601//2550 522//2551
f 601//2552 521//2553 598//2554
f 622//2555 592//2556 593//2557
f 611//2558 604//2559 605//2560
f 610//2561 605//2562 606//2563
f 625//2564 606//2565 607//2566
f 594//2567 591//2568 608//2569
f 556//2570 598//2571 557//2572
f 555//2573 530//2574 556//2575
f 524//2576 532//2577 531//2578
f 526//2579 525//2580 519//2581
f 520//2582 529//2583 519//2584
f 500//2585 509//2586 505//2587
f 508//2588 504//2589 503//2590
f 611//2591 603//2592 604//2593
f 622//2594 621//2595 603//2596
f 608//2597 607//2598 602//2599
f 511//2600 509//2601 624//2602
f 515//2603 510//2604 507//2605
f 512//2606 505//2607 509//2608
f 513//2609 506//2610 505//2611
f 596//2612 592//2613 609//2614
f 595//2615 618//2616 610//2617
f 595//2618 625//2619 591//2620
f 592//2621 603//2622 611//2623
f 609//2624 611//2625 605//2626
f 604//2627 524//2628 623//2629
f 620//2630 593//2631 592//2632
f 613//2633 614//2634 593//2635
f 614//2636 615//2637 591//2638 594//2639
f 616//2640 618//2641 595//2642
f 620//2643 592//2644 596//2645
f 615//2646 616//2647 595//2648 591//2649
f 514//2650 612//2651 515//2652
f 513//2653 614//2654 514//2655
f 513//2656 512//2657 615//2658 614//2659
f 616//2660 619//2661 618//2662
f 516//2663 515//2664 612//2665 617//2666
f 512//2667 511//2668 616//2669 615//2670
f 607//2671 534//2672 602//2673
f 591//2674 607//2675 608//2676
f 514//2677 507//2678 506//2679
f 618//2680 609//2681 610//2682
f 596//2683 609//2684 618//2685
f 618//2686 619//2687 596//2688
f 619//2689 516//2690 617//2691
f 511//2692 516//2693 619//2694
f 511//2695 619//2696 616//2697
f 596//2698 619//2699 617//2700
f 612//2701 613//2702 620//2703
f 617//2704 612//2705 620//2706 596//2707
f 535//2708 621//2709 602//2710
f 608//2711 602//2712 621//2713 622//2714
f 594//2715 622//2716 593//2717
f 518//2718 621//2719 535//2720
f 608//2721 622//2722 594//2723
f 621//2724 528//2725 603//2726
f 554//2727 555//2728 542//2729
f 614//2730 594//2731 593//2732
f 613//2733 593//2734 620//2735
f 522//2736 588//2737 623//2738
f 605//2739 623//2740 606//2741
f 524//2742 522//2743 623//2744
f 623//2745 605//2746 604//2747
f 624//2748 504//2749 508//2750
f 614//2751 613//2752 514//2753
f 592//2754 611//2755 609//2756
f 532//2757 518//2758 533//2759
f 625//2760 607//2761 591//2762
f 610//2763 606//2764 625//2765
f 610//2766 625//2767 595//2768
f 508//2769 516//2770 624//2771
f 547//2772 548//2773 549//2774
f 490//2775 466//2776 708//2777
f 484//2778 493//2779 492//2780 626//2781
f 491//2782 629//2783 626//2784
f 627//2785 466//2786 490//2787
f 627//2788 473//2789 467//2790 466//2791
f 473//2792 472//2793 496//2794
f 733//2795 469//2796 628//2797 475//2798
f 478//2799 474//2800 473//2801
f 478//2802 486//2803 628//2804 474//2805
f 486//2806 484//2807 475//2808 628//2809
f 484//2810 626//2811 476//2812 475//2813
f 626//2814 471//2815 476//2816
f 629//2817 483//2818 471//2819
f 626//2820 629//2821 471//2822
f 667//2823 657//2824 645//2825
f 640//2826 670//2827 669//2828 632//2829
f 631//2830 701//2831 638//2832
f 700//2833 699//2834 695//2835 636//2836
f 634//2837 670//2838 640//2839
f 641//2840 694//2841 696//2842 634//2843
f 635//2844 642//2845 755//2846
f 755//2847 665//2848 633//2849
f 678//2850 650//2851 675//2852
f 672//2853 678//2854 648//2855
f 682//2856 656//2857 647//2858 658//2859
f 656//2860 655//2861 675//2862
f 645//2863 657//2864 653//2865
f 663//2866 659//2867 683//2868
f 679//2869 654//2870 667//2871
f 656//2872 682//2873 661//2874 654//2875
f 662//2876 663//2877 681//2878
f 647//2879 662//2880 658//2881
f 752//2882 652//2883 753//2884
f 676//2885 631//2886 630//2887
f 667//2888 684//2889 668//2890
f 644//2891 666//2892 655//2893
f 666//2894 648//2895 675//2896
f 667//2897 668//2898 679//2899
f 633//2900 668//2901 669//2902
f 633//2903 669//2904 670//2905
f 655//2906 666//2907 675//2908
f 639//2909 673//2910 671//2911
f 685//2912 672//2913 637//2914
f 673//2915 650//2916 678//2917
f 665//2918 674//2919 644//2920
f 643//2921 666//2922 674//2923
f 656//2924 675//2925 647//2926
f 678//2927 675//2928 648//2929
f 652//2930 673//2931 676//2932
f 676//2933 754//2934 652//2935
f 673//2936 678//2937 671//2938
f 655//2939 679//2940 644//2941
f 644//2942 679//2943 668//2944 665//2945
f 657//2946 658//2947 809//2948
f 657//2949 646//2950 653//2951
f 658//2952 661//2953 682//2954
f 649//2955 663//2956 683//2957
f 662//2958 659//2959 663//2960
f 650//2961 659//2962 662//2963
f 667//2964 645//2965 684//2966
f 753//2967 652//2968 754//2969
f 697//2970 672//2971 685//2972
f 688//2973 690//2974 687//2975 672//2976
f 689//2977 643//2978 686//2979
f 672//2980 648//2981 691//2982
f 689//2983 686//2984 693//2985
f 693//2986 687//2987 690//2988
f 637//2989 687//2990 686//2991 642//2992
f 636//2993 695//2994 694//2995 641//2996
f 692//2997 690//2998 691//2999
f 686//3000 687//3001 693//3002
f 642//3003 635//3004 694//3005
f 642//3006 694//3007 695//3008
f 637//3009 695//3010 699//3011
f 635//3012 670//3013 696//3014
f 635//3015 696//3016 694//3017
f 639//3018 671//3019 697//3020
f 671//3021 672//3022 697//3023
f 669//3024 668//3025 684//3026 632//3027
f 654//3028 655//3029 656//3030
f 637//3031 699//3032 685//3033
f 635//3034 755//3035 633//3036
f 690//3037 688//3038 691//3039
f 647//3040 650//3041 662//3042
f 659//3043 650//3044 652//3045
f 673//3046 639//3047 631//3048
f 630//3049 631//3050 638//3051
f 638//3052 701//3053 698//3054
f 639//3055 697//3056 701//3057
f 639//3058 701//3059 631//3060
f 677//3061 676//3062 630//3063
f 692//3064 691//3065 643//3066 689//3067
f 689//3068 693//3069 692//3070
f 693//3071 690//3072 692//3073
f 697//3074 585//3075 701//3076
f 697//3077 685//3078 586//3079 585//3080
f 685//3081 699//3082 600//3083 586//3084
f 699//3085 700//3086 587//3087 600//3088
f 703//3089 702//3090 458//3091 453//3092
f 702//3093 704//3094 457//3095 458//3096
f 704//3097 705//3098 456//3099 457//3100
f 705//3101 706//3102 455//3103 456//3104
f 706//3105 707//3106 454//3107 455//3108
f 707//3109 710//3110 454//3111
f 490//3112 708//3113 734//3114
f 718//3115 717//3116 709//3117 459//3118
f 735//3119 710//3120 453//3121
f 703//3122 710//3123 707//3124
f 453//3125 710//3126 703//3127
f 714//3128 461//3129 455//3130 454//3131
f 461//3132 711//3133 456//3134 455//3135
f 711//3136 457//3137 456//3138
f 463//3139 712//3140 711//3141
f 462//3142 463//3143 711//3144
f 713//3145 463//3146 462//3147
f 713//3148 464//3149 463//3150
f 460//3151 461//3152 714//3153
f 460//3154 714//3155 709//3156
f 735//3157 714//3158 710//3159
f 463//3160 464//3161 712//3162
f 712//3163 458//3164 457//3165
f 466//3166 467//3167 715//3168 716//3169
f 708//3170 466//3171 716//3172 717//3173
f 465//3174 708//3175 717//3176 718//3177
f 470//3178 465//3179 718//3180 719//3181
f 733//3182 470//3183 719//3184 713//3185
f 468//3186 469//3187 713//3188 720//3189
f 467//3190 468//3191 720//3192 715//3193
f 544//3194 562//3195 561//3196
f 691//3197 688//3198 672//3199
f 609//3200 605//3201 610//3202
f 492//3203 489//3204 481//3205
f 569//3206 537//3207 527//3208
f 725//3209 499//3210 727//3211
f 791//3212 790//3213 788//3214 789//3215
f 723//3216 722//3217 502//3218
f 725//3219 744//3220 499//3221
f 750//3222 745//3223 723//3224 502//3225
f 743//3226 742//3227 741//3228 740//3229
f 729//3230 732//3231 500//3232
f 795//3233 794//3234 793//3235 792//3236
f 727//3237 499//3238 731//3239
f 502//3240 722//3241 730//3242
f 637//3243 642//3244 695//3245
f 501//3246 506//3247 737//3248
f 500//3249 501//3250 729//3251
f 501//3252 505//3253 506//3254
f 510//3255 747//3256 507//3257
f 501//3258 721//3259 729//3260
f 496//3261 478//3262 473//3263
f 469//3264 733//3265 713//3266
f 734//3267 471//3268 483//3269
f 471//3270 734//3271 465//3272
f 734//3273 708//3274 465//3275
f 613//3276 612//3277 514//3278
f 698//3279 701//3280 585//3281 584//3282
f 518//3283 528//3284 621//3285
f 603//3286 592//3287 622//3288
f 709//3289 714//3290 735//3291
f 709//3292 735//3293 459//3294
f 459//3295 735//3296 453//3297
f 715//3298 720//3299 462//3300 736//3301
f 716//3302 715//3303 736//3304 460//3305
f 501//3306 737//3307 721//3308
f 721//3309 737//3310 730//3311
f 737//3312 738//3313 502//3314
f 738//3315 747//3316 750//3317 502//3318
f 672//3319 687//3320 637//3321
f 606//3322 523//3323 534//3324
f 730//3325 728//3326 739//3327
f 807//3328 806//3329 721//3330 730//3331
f 804//3332 742//3333 807//3334
f 503//3335 744//3336 498//3337
f 724//3338 498//3339 744//3340 725//3341
f 799//3342 798//3343 796//3344 797//3345
f 503//3346 498//3347 746//3348 747//3349
f 503//3350 747//3351 510//3352
f 506//3353 507//3354 737//3355
f 503//3356 504//3357 744//3358
f 509//3359 748//3360 504//3361
f 504//3362 748//3363 499//3364
f 499//3365 748//3366 739//3367
f 498//3368 724//3369 749//3370 746//3371
f 749//3372 726//3373 746//3374
f 803//3375 802//3376 800//3377 801//3378
f 726//3379 750//3380 746//3381
f 746//3382 750//3383 747//3384
f 745//3385 750//3386 726//3387
f 730//3388 737//3389 502//3390
f 805//3391 804//3392 732//3393 729//3394
f 806//3395 805//3396 729//3397 721//3398
f 673//3399 631//3400 676//3401
f 658//3402 662//3403 681//3404
f 680//3405 646//3406 681//3407
f 680//3408 681//3409 663//3410 649//3411
f 677//3412 664//3413 676//3414
f 659//3415 652//3416 752//3417
f 659//3418 752//3419 660//3420
f 751//3421 752//3422 753//3423 651//3424
f 651//3425 753//3426 754//3427 664//3428
f 664//3429 754//3430 676//3431
f 809//3432 646//3433 657//3434
f 683//3435 659//3436 660//3437
f 660//3438 752//3439 751//3440
f 652//3441 650//3442 673//3443
f 667//3444 654//3445 661//3446
f 654//3447 679//3448 655//3449
f 510//3450 515//3451 508//3452
f 696//3453 670//3454 634//3455
f 674//3456 755//3457 643//3458
f 643//3459 755//3460 686//3461
f 675//3462 650//3463 647//3464
f 671//3465 678//3466 672//3467
f 495//3468 496//3469 488//3470
f 757//3471 756//3472 749//3473 724//3474
f 756//3475 758//3476 727//3477 749//3478
f 758//3479 759//3480 725//3481 727//3482
f 759//3483 757//3484 724//3485 725//3486
f 760//3487 761//3488 745//3489 728//3490
f 761//3491 762//3492 723//3493 745//3494
f 762//3495 763//3496 722//3497 723//3498
f 763//3499 760//3500 728//3501 722//3502
f 765//3503 764//3504 731//3505 728//3506
f 764//3507 766//3508 726//3509 731//3510
f 766//3511 767//3512 745//3513 726//3514
f 767//3515 765//3516 728//3517 745//3518
f 769//3519 768//3520 727//3521 731//3522
f 768//3523 770//3524 749//3525 727//3526
f 770//3527 771//3528 726//3529 749//3530
f 771//3531 769//3532 731//3533 726//3534
f 773//3535 772//3536 756//3537 757//3538
f 772//3539 774//3540 758//3541 756//3542
f 774//3543 775//3544 759//3545 758//3546
f 775//3547 773//3548 757//3549 759//3550
f 776//3551 777//3552 761//3553 760//3554
f 777//3555 778//3556 762//3557 761//3558
f 778//3559 779//3560 763//3561 762//3562
f 779//3563 776//3564 760//3565 763//3566
f 781//3567 780//3568 764//3569 765//3570
f 780//3571 782//3572 766//3573 764//3574
f 782//3575 783//3576 767//3577 766//3578
f 783//3579 781//3580 765//3581 767//3582
f 785//3583 784//3584 768//3585 769//3586
f 784//3587 786//3588 770//3589 768//3590
f 786//3591 787//3592 771//3593 770//3594
f 787//3595 785//3596 769//3597 771//3598
f 722//3599 728//3600 730//3601
f 742//3602 743//3603 807//3604
f 789//3605 788//3606 772//3607 773//3608
f 788//3609 790//3610 774//3611 772//3612
f 790//3613 791//3614 775//3615 774//3616
f 791//3617 789//3618 773//3619 775//3620
f 792//3621 793//3622 777//3623 776//3624
f 793//3625 794//3626 778//3627 777//3628
f 794//3629 795//3630 779//3631 778//3632
f 795//3633 792//3634 776//3635 779//3636
f 797//3637 796//3638 780//3639 781//3640
f 796//3641 798//3642 782//3643 780//3644
f 798//3645 799//3646 783//3647 782//3648
f 799//3649 797//3650 781//3651 783//3652
f 801//3653 800//3654 784//3655 785//3656
f 800//3657 802//3658 786//3659 784//3660
f 802//3661 803//3662 787//3663 786//3664
f 803//3665 801//3666 785//3667 787//3668
f 741//3669 742//3670 804//3671 805//3672
f 740//3673 741//3674 805//3675 806//3676
f 743//3677 740//3678 806//3679 807//3680
f 804//3681 807//3682 732//3683
f 739//3684 807//3685 730//3686
f 732//3687 739//3688 500//3689
f 748//3690 509//3691 500//3692
f 732//3693 807//3694 739//3695
f 731//3696 499//3697 739//3698
f 728//3699 731//3700 739//3701
f 598//3702 808//3703 601//3704
f 808//3705 530//3706 588//3707
f 554//3708 597//3709 555//3710
f 739//3711 748//3712 500//3713
f 681//3714 646//3715 809//3716
f 809//3717 658//3718 681//3719
f 661//3720 657//3721 667//3722
f 657//3723 661//3724 658//3725
f 521//3726 526//3727 810//3728
f 521//3729 810//3730 557//3731
f 665//3732 668//3733 633//3734
f 644//3735 674//3736 666//3737
f 674//3738 665//3739 755//3740
f 666//3741 691//3742 648//3743
f 691//3744 666//3745 643//3746
f 633//3747 670//3748 635//3749
f 755//3750 642//3751 686//3752
f 42//3753 43//3753 44//3753
f 40//3754 41//3754 42//3754
f 42//3755 44//3755 45//3755
f 42//3756 45//3756 40//3756
f 89//3757 90//3757 91//3757
f 87//3758 88//3758 89//3758
f 89//3759 91//3759 92//3759
f 89//3760 92//3760 87//3760
f 540//3761 184//3761 182//3761
f 181//3762 193//3762 539//3762
f 539//3763 540//3763 182//3763
f 182//3764 181//3764 539//3764
f 180//3765 224//3765 538//3765
f 180//3766 538//3766 213//3766
f 342//3767 229//3767 700//3767
f 342//3768 700//3768 278//3768
f 349//3769 345//3769 344//3769
f 347//3770 348//3770 349//3770
f 347//3771 349//3771 344//3771
f 344//3772 346//3772 347//3772
f 702//3773 703//3773 707//3773
f 707//3774 706//3774 705//3774
f 702//3775 707//3775 705//3775
f 705//3776 704//3776 702//3776
#1150 polygons

